"","X","PWSID","Regulating.Agency","Water.System.No.","Water.System.Name","Fed.Type","State.Type","DS.Class","Max.TP.Class","Fee.Code","Service.Connections","Population","Last.SNSV","completed","tag","logService.Connections"
"1",0,"CA4710002","DISTRICT 01 - KLAMATH",4710002,"DUNSMUIR, CITY OF","C","C","D2","There are no treatment plants","DAVCL",1187,1923,"2020-04-01","y","Bin B",3.07445071895459
"2",1,"CA4710008","DISTRICT 01 - KLAMATH",4710008,"MT. SHASTA, CITY OF","C","C","D2","There are no treatment plants","DAVCL",1841,3642,"2018-07-22","y","Bin B",3.26505378850401
"3",2,"CA4710011","DISTRICT 01 - KLAMATH",4710011,"YREKA, CITY OF","C","C","D2","T3","DAVCL",2993,7290,"2019-10-24","y","Bin B",3.47610671684019
"4",3,"CA1200518","DISTRICT 01 - KLAMATH",1200518,"RIVERSIDE CSD","C","C","D1","TD","SC",99,293,"2020-01-31","y","Bin A",1.99563519459755
"5",4,"CA1200538","DISTRICT 01 - KLAMATH",1200538,"MYERS FLAT M.W.S. INC.","C","C","D1","Missing treatment classification in SDWIS","DAVCS",102,400,"2017-09-25","y","Bin A",2.00860017176192
"6",5,"CA1200547","DISTRICT 01 - KLAMATH",1200547,"MILL CREEK M.W.C.","C","C","D1","There are no treatment plants","SC",36,65,"2018-05-24","y","Bin A",1.55630250076729
"7",6,"CA1200671","DISTRICT 01 - KLAMATH",1200671,"BENBOW-DEL ORO W.C.","C","C","D1","T2","SC",135,150,"2020-06-17","y","Bin A",2.13033376849501
"8",7,"CA1210006","DISTRICT 01 - KLAMATH",1210006,"FORTUNA, CITY OF","C","C","D3","T2","DAVCL",4377,11649,"2019-01-14","y","Bin C",3.64117654661311
"9",8,"CA1210012","DISTRICT 01 - KLAMATH",1210012,"RIO DELL, CITY OF","C","C","D2","Missing treatment classification in SDWIS","C1",1233,3174,"2020-06-16","y","Bin B",3.09096307659573
"10",9,"CA1210022","DISTRICT 01 - KLAMATH",1210022,"RESORT IMPROVEMENT DISTRICT #1","C","C","D2","Missing treatment classification in SDWIS","SC",620,1500,"2019-01-17","y","Bin A",2.79239168949825
"11",10,"CA2510001","DISTRICT 01 - KLAMATH",2510001,"CITY OF ALTURAS","C","C","D2","There are no treatment plants","DAVCL",1470,2537,"2019-06-24","y","Bin B",3.16731733474818
"12",11,"CA2510002","DISTRICT 01 - KLAMATH",2510002,"CEDARVILLE COUNTY WATER DIST.","C","C","D1","There are no treatment plants","SC",290,500,"2019-06-24","y","Bin A",2.46239799789896
"13",12,"CA1200587","DISTRICT 01 - KLAMATH",1200587,"BRICELAND C.S.D.","C","C","D1","T2","SC",26,75,"2020-01-30","y","Bin A",1.41497334797082
"14",13,"CA1210001","DISTRICT 01 - KLAMATH",1210001,"ARCATA, CITY OF","C","C","D3","T2","DAVCL",6134,19077,"2019-06-26","y","Bin C",3.78774377164647
"15",14,"CA1210017","DISTRICT 01 - KLAMATH",1210017,"MANILA COMMUNITY SERVICES DIST.","C","C","D1","There are no treatment plants","DAVCS",357,750,"2018-07-03","y","Bin A",2.55266821611219
"16",15,"CA1200706","DISTRICT 01 - KLAMATH",1200706,"TRINIDAD EXTENDED STAY RV","C","C","D1","T2","SC",72,130,"2020-05-19","y","Bin A",1.85733249643127
"17",16,"CA1210009","DISTRICT 01 - KLAMATH",1210009,"HUMBOLDT C.S.D.","C","C","D4","There are no treatment plants","DAVCL",7532,24885,"2020-05-20","y","Bin D",3.87691031134463
"18",17,"CA1210020","DISTRICT 01 - KLAMATH",1210020,"FIELDBROOK GLENDALE C.S.D.","C","C","D2","There are no treatment plants","SC",551,1848,"2019-12-17","y","Bin A",2.74115159885178
"19",18,"CA0800555","DISTRICT 01 - KLAMATH",800555,"GASQUET C.S.D.","C","C","D1","T2","SC",210,775,"2019-08-16","y","Bin A",2.32221929473392
"20",19,"CA5301017","DISTRICT 01 - KLAMATH",5301017,"RUSH CREEK MUTUAL WATER SYSTEM","C","C","D1","T2","SC",37,104,"2019-04-17","y","Bin A",1.56820172406699
"21",20,"CA5301101","DISTRICT 01 - KLAMATH",5301101,"TREASURE CREEK WOODS MWC","C","C","D1","TD","SC",32,131,"2017-05-25","y","Bin A",1.50514997831991
"22",21,"CA5301103","DISTRICT 01 - KLAMATH",5301103,"COVINGTON MILL - A","C","C","NR","There are no treatment plants","SC",42,58,"2018-10-09","y","Bin A",1.6232492903979
"23",22,"CA5304502","DISTRICT 01 - KLAMATH",5304502,"SALYER HEIGHTS W.S., INC","C","C","D1","T2","DAVCS",42,135,"2018-02-06","y","Bin A",1.6232492903979
"24",23,"CA5310001","DISTRICT 01 - KLAMATH",5310001,"WEAVERVILLE C.S.D.","C","C","D2","T3","DAVCL",1636,3600,"2017-12-12","y","Bin B",3.2137832993353
"25",24,"CA5310002","DISTRICT 01 - KLAMATH",5310002,"TRINITY CO. W.W. DIST #1","C","C","D2","T3","DAVCS",580,1775,"2019-12-10","y","Bin A",2.76342799356294
"26",25,"CA1810001","DISTRICT 02 - LASSEN",1810001,"CITY OF SUSANVILLE","C","C","D2","TD","DAVCL",3825,8492,"2019-06-04","y","Bin C",3.58263143948964
"27",26,"CA1800534","DISTRICT 02 - LASSEN",1800534,"SPAULDING EAGLE LAKE MWC","C","C","D1","TD","SC",82,289,"2018-07-26","y","Bin A",1.91381385238372
"28",27,"CA1800512","DISTRICT 02 - LASSEN",1800512,"CLEAR CREEK CSD-WESTWOOD","C","C","D1","There are no treatment plants","DAVCS",166,400,"2019-09-09","y","Bin A",2.22010808804005
"29",28,"CA3110001","DISTRICT 02 - LASSEN",3110001,"NORTH TAHOE PUD - MAIN","C","C","D2","T2","C1",3261,5300,"2017-09-25","y","Bin B",3.51335079880596
"30",29,"CA3110003","DISTRICT 02 - LASSEN",3110003,"FORESTHILL PUBLIC UTILITY DIST","C","C","D2","T3","DAVCL",2032,6000,"2017-05-01","y","Bin B",3.30792370361188
"31",30,"CA3110009","DISTRICT 02 - LASSEN",3110009,"MEADOW VISTA CWD","C","C","D2","T3","C1",1478,4001,"2017-05-01","y","Bin B",3.16967443405881
"32",31,"CA3110035","DISTRICT 02 - LASSEN",3110035,"WEIMAR WATER COMPANY","C","C","D2","T3","SC",550,1500,"2018-03-28","y","Bin A",2.74036268949424
"33",32,"CA3110041","DISTRICT 02 - LASSEN",3110041,"MIDWAY HEIGHTS C. W. D.","C","C","D2","There are no treatment plants","SC",438,1080,"2018-08-15","y","Bin A",2.6414741105041
"34",33,"CA3110048","DISTRICT 02 - LASSEN",3110048,"PLACER CSA - SHERIDAN","C","C","D1","TD","SC",195,726,"2019-05-14","y","Bin A",2.29003461136252
"35",34,"CA3210006","DISTRICT 02 - LASSEN",3210006,"LAKE ALMANOR COUNTRY CLUB MWC","C","C","D1","There are no treatment plants","C1",1682,6000,"2017-04-12","y","Bin B",3.22582599146189
"36",35,"CA4510009","DISTRICT 02 - LASSEN",4510009,"SHASTA FOREST VILLAGE M.W.C.","C","C","D1","There are no treatment plants","SC",399,750,"2018-07-02","y","Bin A",2.60097289568675
"37",36,"CA4510014","DISTRICT 02 - LASSEN",4510014,"BELLA VISTA WATER DISTRICT","C","C","D3","T5","C1",6360,19098,"2018-07-11","y","Bin C",3.80345711564841
"38",37,"CA4600019","DISTRICT 02 - LASSEN",4600019,"SIERRA CO. W.W.D #1 CALPINE","C","C","D1","T1","SC",134,225,"2019-09-03","y","Bin A",2.12710479836481
"39",38,"CA3100041","LPA61 - PLACER COUNTY",3100041,"ALPINE MEADOWS PROPERTY OWNERS ASSO","C","C","D1","T3","SC",129,250,"2018-12-11","y","Bin A",2.11058971029925
"40",39,"CA3103836","LPA61 - PLACER COUNTY",3103836,"HIDDEN VALLEY COMMUNITY ASSOCIATION","C","C","D1","There are no treatment plants","SC",164,499,"2019-12-18","y","Bin A",2.2148438480477
"41",40,"CA3200138","LPA62 - PLUMAS COUNTY",3200138,"MEADOW EDGE MHP","C","C","D1","There are no treatment plants","SC",54,53,"2018-04-24","y","Bin A",1.73239375982297
"42",41,"CA4510013","DISTRICT 02 - LASSEN",4510013,"SHASTA C.S.D.","C","C","D2","T3","DAVCS",480,1584,"2019-12-20","y","Bin A",2.68124123737559
"43",42,"CA4510007","DISTRICT 02 - LASSEN",4510007,"COTTONWOOD COUNTY WATER DIST.","C","C","D2","There are no treatment plants","C1",1226,3316,"2019-10-16","y","Bin B",3.0884904701824
"44",43,"CA1910002","DISTRICT 07 - HOLLYWOOD",1910002,"AMARILLO MUTUAL WATER COMPANY","C","C","D2","TD","SC",627,3134,"2018-04-18","y","Bin A",2.79726754083072
"45",44,"CA1700508","DISTRICT 03 - MENDOCINO",1700508,"GLENHAVEN MUTUAL WATER COMPANY","C","C","D1","T1","SC",125,300,"2018-12-31","y","Bin A",2.09691001300806
"46",45,"CA1710001","DISTRICT 03 - MENDOCINO",1710001,"CLEARLAKE OAKS COUNTY WATER DISTRICT","C","C","D3","T3","DAVCL",2035,2359,"2018-08-15","y","Bin B",3.30856441356124
"47",46,"CA1710003","DISTRICT 03 - MENDOCINO",1710003,"HIGHLANDS MUTUAL WATER COMPANY","C","C","D2","T4","DAVCL",2877,9494,"2016-12-09","y","Bin B",3.45893986189033
"48",47,"CA1710008","DISTRICT 03 - MENDOCINO",1710008,"NICE MUTUAL WATER COMPANY","C","C","D2","T4","DAVCL",1064,2731,"2020-01-09","y","Bin B",3.02694162795903
"49",48,"CA1710015","DISTRICT 03 - MENDOCINO",1710015,"HIDDEN VALLEY LAKE CSD","C","C","D2","T2","C1",2487,8207,"2017-05-31","y","Bin B",3.39567578526994
"50",49,"CA1710021","DISTRICT 03 - MENDOCINO",1710021,"LAKE COUNTY CSA 21 - NORTH LAKEPORT","C","C","D2","T3","DAVCL",1196,2759,"2018-11-13","y","Bin B",3.07773117965239
"51",50,"CA2300506","DISTRICT 03 - MENDOCINO",2300506,"MEADOW ESTATES MUTUAL","C","C","D1","T1","SC",35,100,"2019-05-30","y","Bin A",1.54406804435028
"52",51,"CA2300507","DISTRICT 03 - MENDOCINO",2300507,"CALPELLA COUNTY WATER DISTRICT","C","C","D1","There are no treatment plants","DAVCS",176,548,"2019-07-03","y","Bin A",2.24551266781415
"53",52,"CA2300545","DISTRICT 03 - MENDOCINO",2300545,"SHORELANDS ROAD & WATER COMPANY","C","C","D1","TD","SC",47,85,"2019-04-29","y","Bin A",1.67209785793572
"54",53,"CA2300596","DISTRICT 03 - MENDOCINO",2300596,"BIG RIVER VISTA MUTUAL WATER COMPANY","C","C","D1","T1","SC",19,36,"2018-02-26","y","Bin A",1.27875360095283
"55",54,"CA2300708","DISTRICT 03 - MENDOCINO",2300708,"RIDGEWOOD WATER SYSTEM","C","C","D1","T1","SC",167,220,"2018-07-26","y","Bin A",2.22271647114758
"56",55,"CA2310001","DISTRICT 03 - MENDOCINO",2310001,"FORT BRAGG, CITY OF","C","C","D2","T3","DAVCL",2944,7250,"2017-08-16","y","Bin B",3.46893780566546
"57",56,"CA2310003","DISTRICT 03 - MENDOCINO",2310003,"UKIAH, CITY OF","C","C","D3","T3","DAVCL",4781,16185,"2018-05-30","y","Bin C",3.67951874369579
"58",57,"CA2310005","DISTRICT 03 - MENDOCINO",2310005,"WILLOW COUNTY WATER DISTRICT","C","C","D3","T1","DAVCL",1070,3797,"2019-06-04","y","Bin B",3.02938377768521
"59",58,"CA2310006","DISTRICT 03 - MENDOCINO",2310006,"MILLVIEW COUNTY WATER DISTRICT","C","C","D3","T3","C1",1534,5500,"2018-03-14","y","Bin B",3.18582535961296
"60",59,"CA2800625","DISTRICT 03 - MENDOCINO",2800625,"ADVENTIST HEALTH - ST. HELENA HOSPITAL","C","C","D1","T1","SC",227,860,"2019-03-11","y","Bin A",2.35602585719312
"61",60,"CA2800040","LPA58 - NAPA COUNTY",2800040,"MONDAVI FARM WORKER CENTER","C","C","D1","TD","SC",2,63,"2020-04-28","y","Bin A",0.301029995663981
"62",61,"CA2800521","LPA58 - NAPA COUNTY",2800521,"CIRCLE OAKS WATER DISTRICT","C","C","D1","T2","SC",190,500,"2020-05-05","y","Bin A",2.27875360095283
"63",62,"CA0710002","DISTRICT 04 - SAN FRANCISCO",710002,"GOLDEN STATE WATER COMPANY - BAY POINT","C","C","D3","T1","C1",5030,22295,"2017-11-14","y","Bin C",3.70156798505593
"64",63,"CA0710002","DISTRICT 04 - SAN FRANCISCO",710002,"GOLDEN STATE WATER COMPANY - BAY POINT","C","C","D3","T1","C1",5030,22295,"2017-11-14","y","Bin C",3.70156798505593
"65",64,"CA0110011","DISTRICT 04 - SAN FRANCISCO",110011,"CITY OF LIVERMORE","C","C","D4","There are no treatment plants","C1",9698,30000,"2018-10-24","y","Bin D",3.98668217977951
"66",65,"CA0710006","DISTRICT 04 - SAN FRANCISCO",710006,"CITY OF MARTINEZ","C","C","D3","T5","C1",9944,35375,"2017-12-06","y","Bin D",3.99756111563359
"67",66,"CA3810700","DISTRICT 04 - SAN FRANCISCO",3810700,"PRESIDIO OF SAN FRANCISCO","C","C","D2","T3","C1",1191,3500,"2018-06-19","y","Bin B",3.07591176148278
"68",67,"CA4810001","DISTRICT 04 - SAN FRANCISCO",4810001,"CITY OF BENICIA","C","C","D3","T4","C1",9814,28000,"2017-03-23","y","Bin D",3.9918460536449
"69",68,"CA4810004","DISTRICT 04 - SAN FRANCISCO",4810004,"CITY OF RIO VISTA","C","C","D2","T2","C1",5145,9416,"2019-08-21","y","Bin C",3.71138537909845
"70",69,"CA4810005","DISTRICT 04 - SAN FRANCISCO",4810005,"SUISUN-SOLANO WATER AUTHORITY","C","C","D4","T4","C1",8436,29917,"2018-12-12","y","Bin D",3.92613657106745
"71",70,"CA4810010","DISTRICT 04 - SAN FRANCISCO",4810010,"SID - GIBSON CANYON","C","C","D1","T3","SC",137,452,"2018-11-07","y","Bin A",2.13672056715641
"72",71,"CA4810013","DISTRICT 04 - SAN FRANCISCO",4810013,"RURAL NORTH VACAVILLE WATER DISTRICT","C","C","D1","TD","SC",398,1130,"2017-04-17","y","Bin A",2.59988307207369
"73",72,"CA2701403","LPA57 - MONTEREY COUNTY",2701403,"PINE ST WS #01","C","C","D1","There are no treatment plants","SC",17,36,"2017-09-11","y","Bin A",1.23044892137827
"74",73,"CA2702521","DISTRICT 05 - MONTEREY",2702521,"SANTA LUCIA PRESERVE WS","C","C","D1","T2","SC",164,2184,"2017-12-19","y","Bin A",2.2148438480477
"75",74,"CA2710005","DISTRICT 05 - MONTEREY",2710005,"CASTROVILLE COMMUNITY SERVICES DISTRICT","C","C","D2","T2","DAVCL",2084,10000,"2017-07-12","y","Bin B",3.31889771462749
"76",75,"CA2710007","DISTRICT 05 - MONTEREY",2710007,"GONZALES, CITY OF","C","C","D2","TD","C1",1912,8549,"2018-02-08","y","Bin B",3.28148788794008
"77",76,"CA2710008","DISTRICT 05 - MONTEREY",2710008,"GREENFIELD, CITY OF","C","C","D3","T1","DAVCL",3720,17517,"2018-04-16","y","Bin C",3.5705429398819
"78",77,"CA2710011","DISTRICT 05 - MONTEREY",2710011,"SOLEDAD, CITY OF","C","C","D3","TD","C1",3948,16729,"2020-06-08","y","Bin C",3.5963771439976
"79",78,"CA2710017","DISTRICT 05 - MONTEREY",2710017,"MARINA COAST WATER DISTRICT","C","C","D4","TD","C1",8295,35361,"2017-10-26","y","Bin D",3.91881639036038
"80",79,"CA2710020","DISTRICT 05 - MONTEREY",2710020,"PAJARO COMMUNITY SERVICES DISTRICT","C","C","D2","TD","SC",457,6500,"2019-02-11","y","Bin A",2.65991620006985
"81",80,"CA3500912","DISTRICT 05 - MONTEREY",3500912,"COMSTOCK MUTUAL WATER COMPANY","C","C","D1","TD","SC",33,100,"2019-07-10","y","Bin A",1.51851393987789
"82",81,"CA3510001","DISTRICT 05 - MONTEREY",3510001,"HOLLISTER, CITY OF","C","C","D3","TD","C1",6996,19281,"2018-11-16","y","Bin D",3.84484980080664
"83",82,"CA3510003","DISTRICT 05 - MONTEREY",3510003,"SUNNYSLOPE COUNTY WATER DIST","C","C","D3","T2","C1",5485,19189,"2017-06-21","y","Bin C",3.73917663191073
"84",83,"CA3510004","DISTRICT 05 - MONTEREY",3510004,"AROMAS WATER DISTRICT","C","C","D2","T1","SC",964,2988,"2019-11-01","y","Bin A",2.98407703390283
"85",84,"CA4400642","DISTRICT 05 - MONTEREY",4400642,"CATHEDRAL WOOD MUTUAL WATER COMPANY","C","C","D1","T2","SC",20,60,"2019-12-11","y","Bin A",1.30102999566398
"86",85,"CA4410008","DISTRICT 05 - MONTEREY",4410008,"MT. HERMON ASSOCIATION, INC.","C","C","D2","TD","SC",494,2400,"2019-03-25","y","Bin A",2.69372694892365
"87",86,"CA4410013","DISTRICT 05 - MONTEREY",4410013,"SCOTTS VALLEY WATER DISTRICT","C","C","D4","T2","C1",3812,10709,"2019-03-15","y","Bin C",3.58115289196629
"88",87,"CA2700541","LPA57 - MONTEREY COUNTY",2700541,"DEL MONTE FARMS RD WS #03","C","C","D1","There are no treatment plants","SC",16,55,"2017-10-16","y","Bin A",1.20411998265592
"89",88,"CA2700663","LPA57 - MONTEREY COUNTY",2700663,"MURPHY HILL WS #02","C","C","D1","There are no treatment plants","SC",20,60,"2017-08-22","y","Bin A",1.30102999566398
"90",89,"CA2700691","LPA57 - MONTEREY COUNTY",2700691,"PESANTE RD WS #06","C","C","D1","There are no treatment plants","SC",16,48,"2018-10-15","y","Bin A",1.20411998265592
"91",90,"CA2700771","LPA57 - MONTEREY COUNTY",2700771,"SPRINGFIELD WATER COMPANY","C","C","D1","There are no treatment plants","SC",42,200,"2017-09-07","y","Bin A",1.6232492903979
"92",91,"CA2701423","LPA57 - MONTEREY COUNTY",2701423,"ECHO VALLEY RD WS #05","C","C","D1","There are no treatment plants","SC",16,45,"2016-08-12","y","Bin A",1.20411998265592
"93",92,"CA2701888","LPA57 - MONTEREY COUNTY",2701888,"CACHAGUA MUTUAL WS (#4)","C","C","D1","There are no treatment plants","SC",24,55,"2018-11-20","y","Bin A",1.38021124171161
"94",93,"CA2701918","LPA57 - MONTEREY COUNTY",2701918,"LOMAS DEL SOL MWS","C","C","D1","There are no treatment plants","SC",31,93,"2018-07-19","y","Bin A",1.49136169383427
"95",94,"CA2701959","LPA57 - MONTEREY COUNTY",2701959,"TIERRA VISTA MWC","C","C","D1","T2","SC",19,54,"2016-09-02","y","Bin A",1.27875360095283
"96",95,"CA2702409","LPA57 - MONTEREY COUNTY",2702409,"EL CAMINO WC INC","C","C","D1","There are no treatment plants","SC",31,90,"2016-10-13","y","Bin A",1.49136169383427
"97",96,"CA4010001","DISTRICT 06 - SANTA BARBARA",4010001,"ARROYO GRANDE, WATER DEPARTMENT","C","C","D4","T2","C1",6783,17641,"2017-08-29","y","Bin D",3.83142181706502
"98",97,"CA4010003","DISTRICT 06 - SANTA BARBARA",4010003,"SAN MIGUELITO MWC","C","C","D2","T1","SC",688,1758,"2019-08-27","y","Bin A",2.83758843823551
"99",98,"CA4010004","DISTRICT 06 - SANTA BARBARA",4010004,"GROVER BEACH WATER DEPARTMENT","C","C","D3","T1","C1",5258,13593,"2020-03-05","y","Bin C",3.72082058177034
"100",99,"CA4010011","DISTRICT 06 - SANTA BARBARA",4010011,"MORRO BAY PW DEPT - WATER DIVISION","C","C","D3","T2","C1",5532,10234,"2018-09-13","y","Bin C",3.74288217143727
"101",100,"CA4010012","DISTRICT 06 - SANTA BARBARA",4010012,"HERITAGE RANCH CSD","C","C","D2","T3","C1",1944,3428,"2018-05-29","y","Bin B",3.28869626059026
"102",101,"CA4010014","DISTRICT 06 - SANTA BARBARA",4010014,"CAMBRIA COMM SERVICES DIST","C","C","D2","T3","C1",4034,6032,"2019-03-14","y","Bin C",3.60573589387675
"103",102,"CA4010016","DISTRICT 06 - SANTA BARBARA",4010016,"LOS OSOS COMMUNITY SERVICES DISTRICT","C","C","D2","T2","C1",2765,7086,"2019-12-13","y","Bin B",3.44169513564072
"104",103,"CA4010018","DISTRICT 06 - SANTA BARBARA",4010018,"GOLDEN STATE WATER COMPANY - NIPOMO","C","C","D2","T1","C1",1505,4415,"2017-05-24","y","Bin B",3.17753649992986
"105",104,"CA4010026","DISTRICT 06 - SANTA BARBARA",4010026,"NIPOMO COMM SERVICES DIST","C","C","D3","TD","C1",4398,13173,"2018-02-15","y","Bin C",3.64325522502477
"106",105,"CA4010027","DISTRICT 06 - SANTA BARBARA",4010027,"NACIMIENTO WATER COMPANY","C","C","D2","T3","SC",653,1828,"2019-10-10","y","Bin A",2.81491318127507
"107",106,"CA4010081","DISTRICT 06 - SANTA BARBARA",4010081,"WOODLANDS DEVELOPMENT","C","C","D2","TD","SC",1137,2876,"2018-12-17","y","Bin B",3.05576046468773
"108",107,"CA4210001","DISTRICT 06 - SANTA BARBARA",4210001,"CARPINTERIA VALLEY WATER DISTRICT","C","C","D3","T1","C1",3992,15346,"2019-02-06","y","Bin C",3.60119053261533
"109",108,"CA4210003","DISTRICT 06 - SANTA BARBARA",4210003,"GUADALUPE WATER DEPARTMENT","C","C","D2","T2","DAVCL",2219,7517,"2017-09-19","y","Bin B",3.34615730223201
"110",109,"CA4210006","DISTRICT 06 - SANTA BARBARA",4210006,"LOMPOC-CITY WATER UTILITY DIV","C","C","D3","T3","C1",9818,40759,"2019-02-26","y","Bin D",3.99202302776385
"111",110,"CA4210007","DISTRICT 06 - SANTA BARBARA",4210007,"MONTECITO WATER DIST","C","C","D4","T4","C1",4574,11428,"2017-03-09","y","Bin C",3.66029616027073
"112",111,"CA4210017","DISTRICT 06 - SANTA BARBARA",4210017,"VANDENBERG VILLAGE COMM. SERV. DIST.","C","C","D2","T1","C1",2556,7376,"2019-12-20","y","Bin B",3.40756084948636
"113",112,"CA4210018","DISTRICT 06 - SANTA BARBARA",4210018,"BUELLTON WATER DEPARTMENT","C","C","D2","T1","C1",1836,5453,"2017-09-27","y","Bin B",3.26387267686522
"114",113,"CA4210020","DISTRICT 06 - SANTA BARBARA",4210020,"SANTA YNEZ RIVER WATER CONS. DIST. ID#1","C","C","D2","TD","C1",2497,6737,"2018-10-24","y","Bin B",3.39741854235135
"115",114,"CA4210024","DISTRICT 06 - SANTA BARBARA",4210024,"LA CUMBRE MUTUAL WATER CO","C","C","D3","T1","C1",1436,4861,"2018-09-18","y","Bin B",3.15715443990628
"116",115,"CA5601104","DISTRICT 06 - SANTA BARBARA",5601104,"CASITAS MUTUAL WATER COMPANY","C","C","D1","TD","SC",85,238,"2018-10-05","y","Bin A",1.92941892571429
"117",116,"CA5610002","DISTRICT 06 - SANTA BARBARA",5610002,"FILLMORE WATER DEPT","C","C","D3","TD","C1",3917,15222,"2019-11-13","y","Bin C",3.59295357154787
"118",117,"CA5610005","DISTRICT 06 - SANTA BARBARA",5610005,"MEINERS OAKS CWD","C","C","D2","T2","C1",1248,4200,"2018-02-14","y","Bin B",3.09621458534641
"119",118,"CA5610008","DISTRICT 06 - SANTA BARBARA",5610008,"PLEASANT VALLEY MUTUAL WATER CO","C","C","D2","T1","C1",1659,5000,"2018-07-02","y","Bin B",3.21984638602436
"120",119,"CA5610009","DISTRICT 06 - SANTA BARBARA",5610009,"PORT HUENEME WATER DEPT","C","C","D3","TD","C1",5847,21926,"2018-12-27","y","Bin C",3.76693309383728
"121",120,"CA5610022","DISTRICT 06 - SANTA BARBARA",5610022,"VENTURA RIVER WATER DISTRICT","C","C","D3","T1","C1",2151,5700,"2019-12-10","y","Bin B",3.33264041038746
"122",121,"CA5610039","DISTRICT 06 - SANTA BARBARA",5610039,"CHANNEL ISLANDS BEACH CSD","C","C","D2","There are no treatment plants","C1",1866,4861,"2019-05-16","y","Bin B",3.27091163941048
"123",122,"CA5610063","DISTRICT 06 - SANTA BARBARA",5610063,"CAMROSA WATER DISTRICT","C","C","D4","T3","C1",8751,30000,"2019-09-06","y","Bin D",3.9420576838414
"124",123,"CA5610081","DISTRICT 06 - SANTA BARBARA",5610081,"CAL AMERICAN WC - LAS POSAS ESTATES","C","C","D2","There are no treatment plants","SC",621,2049,"2018-07-10","y","Bin A",2.79309160017658
"125",124,"CA4000789","LPA70 - SAN LUIS OBISPO COUNTY",4000789,"SPANISH LAKES MUTUAL WATER CO","C","C","D1","There are no treatment plants","SC",1,40,"2018-04-11","y","Bin A",0
"126",125,"CA4000803","LPA70 - SAN LUIS OBISPO COUNTY",4000803,"RANCHO SALINAS MBWC","C","C","D1","TD","SC",20,50,"2018-06-26","y","Bin A",1.30102999566398
"127",126,"CA4200693","LPA72 - SANTA BARBARA COUNTY",4200693,"ELLWOOD MUTUAL WATER CO.","C","C","D1","T1","SC",56,186,"2019-11-21","y","Bin A",1.7481880270062
"128",127,"CA1910148","DISTRICT 07 - HOLLYWOOD",1910148,"SIERRA MADRE-CITY, WATER DEPT.","C","C","D3","T2","C1",3804,11000,"2018-12-11","y","Bin C",3.58024050826538
"129",128,"CA1910013","DISTRICT 07 - HOLLYWOOD",1910013,"BELLFLOWER - SOMERSET MWC","C","C","D3","T1","DAVCL",6937,46300,"2019-12-05","y","Bin D",3.84117169449953
"130",129,"CA1910029","DISTRICT 07 - HOLLYWOOD",1910029,"CITY OF INDUSTRY WATERWORKS SYSTEMS","C","C","D2","Operator is not required","C1",1856,6813,"2018-01-11","y","Bin B",3.26857797188284
"131",130,"CA1910042","DISTRICT 07 - HOLLYWOOD",1910042,"PICO RIVERA - CITY, WATER DEPT.","C","C","D4","TD","C1",9433,40702,"2018-04-24","y","Bin D",3.97464983443872
"132",131,"CA1910064","DISTRICT 07 - HOLLYWOOD",1910064,"LITTLEROCK CREEK IRRIGATION DIST.","C","C","D2","TD","DAVCL",1294,3405,"2017-12-12","y","Bin B",3.11193427633268
"133",132,"CA1910073","DISTRICT 07 - HOLLYWOOD",1910073,"LOMITA-CITY, WATER DEPT.","C","C","D3","There are no treatment plants","C1",4384,20320,"2017-01-26","y","Bin C",3.64187054547631
"134",133,"CA1910101","DISTRICT 07 - HOLLYWOOD",1910101,"ORCHARD DALE WATER DISTRICT","C","C","D3","T2","C1",4280,25000,"2020-08-12","y","Bin C",3.63144376901317
"135",134,"CA1910105","DISTRICT 07 - HOLLYWOOD",1910105,"PARAMOUNT - CITY, WATER DEPT.","C","C","D4","T2","DAVCL",7429,56000,"2019-03-13","y","Bin D",3.8709303583487
"136",135,"CA1910125","DISTRICT 07 - HOLLYWOOD",1910125,"PICO WD","C","C","D3","TD","C1",5441,25284,"2019-03-12","y","Bin C",3.7356787259059
"137",136,"CA1910127","DISTRICT 07 - HOLLYWOOD",1910127,"COVINA-CITY, WATER DEPT.","C","C","D4","There are no treatment plants","C1",8499,33300,"2017-12-13","y","Bin D",3.9293678292401
"138",137,"CA1910149","DISTRICT 07 - HOLLYWOOD",1910149,"SIGNAL HILL - CITY, WATER DEPT.","C","C","D4","T2","C1",3062,11673,"2018-11-28","y","Bin B",3.48600518636224
"139",138,"CA1910159","DISTRICT 07 - HOLLYWOOD",1910159,"TRACT 180 MUTUAL WATER CO.","C","C","D3","TD","DAVCL",1149,14000,"2016-11-16","y","Bin B",3.06032002868829
"140",139,"CA1910160","DISTRICT 07 - HOLLYWOOD",1910160,"TRACT 349 MUTUAL WATER CO.","C","C","D3","TD","DAVCS",919,7500,"2018-07-27","y","Bin A",2.96331551138611
"141",140,"CA1910165","DISTRICT 07 - HOLLYWOOD",1910165,"VALLEY VIEW MUTUAL WATER CO.","C","C","D2","TD","DAVCL",1389,4571,"2017-11-08","y","Bin B",3.14270224573762
"142",141,"CA1910218","DISTRICT 07 - HOLLYWOOD",1910218,"LA HABRA HEIGHTS CWD","C","C","D2","TD","C1",1998,5459,"2017-07-12","y","Bin B",3.30059548388996
"143",142,"CA1900100","LPA49 - LA COUNTY",1900100,"METTLER VALLEY MUTUAL","C","C","D1","T1","SC",98,135,"2020-05-08","y","Bin A",1.99122607569249
"144",143,"CA1900809","LPA49 - LA COUNTY",1900809,"LANDALE MUTUAL WATER COMPANY","C","C","D1","T1","SC",166,752,"2019-01-29","y","Bin A",2.22010808804005
"145",144,"CA3000585","DISTRICT 08 - SANTA ANA",3000585,"PAGE AVENUE MUTUAL WATER COMPANY","C","C","D1","TD","SC",36,115,"2019-04-18","y","Bin A",1.55630250076729
"146",145,"CA3000618","DISTRICT 08 - SANTA ANA",3000618,"LIBERTY PARK WATER ASSOCIATION","C","C","D1","There are no treatment plants","SC",21,69,"2019-04-16","y","Bin A",1.32221929473392
"147",146,"CA3010017","DISTRICT 08 - SANTA ANA",3010017,"LAGUNA BEACH COUNTY WD","C","C","D3","There are no treatment plants","C1",8662,23309,"2017-03-14","y","Bin D",3.93761817939382
"148",147,"CA3010041","DISTRICT 08 - SANTA ANA",3010041,"CITY OF SEAL BEACH","C","C","D3","TD","C1",5431,25561,"2017-10-24","y","Bin C",3.73487980279263
"149",148,"CA3010079","DISTRICT 08 - SANTA ANA",3010079,"EL TORO WATER DISTRICT","C","C","D5","There are no treatment plants","C1",9583,49054,"2019-12-03","y","Bin D",3.98150148814825
"150",149,"CA3010082","DISTRICT 08 - SANTA ANA",3010082,"SERRANO WATER DISTRICT","C","C","D2","T3","C1",2254,5895,"2018-12-12","y","Bin B",3.35295391171009
"151",150,"CA3010094","DISTRICT 08 - SANTA ANA",3010094,"TRABUCO CANYON WATER DISTRICT","C","C","D4","T3","C1",4299,13659,"2018-12-18","y","Bin C",3.63336744511701
"152",151,"CA0910013","DISTRICT 09 - SACRAMENTO",910013,"GEORGETOWN DIVIDE PUD","C","C","D3","T3","C1",3824,9102,"2019-04-12","y","Bin C",3.58251788360406
"153",152,"CA2910004","DISTRICT 09 - SACRAMENTO",2910004,"NEVADA ID - E. GEORGE, BANNER MOUNTAIN","C","C","D4","T5","C1",6013,17077,"2018-12-17","y","Bin C",3.7790912038455
"154",153,"CA2910006","DISTRICT 09 - SACRAMENTO",2910006,"NEVADA ID - LOMA RICA","C","C","D4","T4","C1",4921,13976,"2020-07-29","y","Bin C",3.69205336503408
"155",154,"CA3110026","DISTRICT 09 - SACRAMENTO",3110026,"NEVADA ID - NORTH AUBURN","C","C","D2","T3","C1",2349,6671,"2018-10-24","y","Bin B",3.37088301677761
"156",155,"CA3110150","DISTRICT 09 - SACRAMENTO",3110150,"CALAM - WEST PLACER","C","C","D2","There are no treatment plants","C1",1352,4472,"2020-03-02","y","Bin B",3.13097669160562
"157",156,"CA3410002","DISTRICT 09 - SACRAMENTO",3410002,"SCWA - ARDEN PARK VISTA","C","C","D2","T2","C1",3053,10035,"2019-07-24","y","Bin B",3.48472680429866
"158",157,"CA3410007","DISTRICT 09 - SACRAMENTO",3410007,"DEL PASO MANOR COUNTY WATER DI","C","C","D2","T2","C1",1795,4520,"2019-12-04","y","Bin B",3.25406445291434
"159",158,"CA3410011","DISTRICT 09 - SACRAMENTO",3410011,"GALT, CITY OF","C","C","D3","T2","C1",7390,26536,"2020-02-20","y","Bin D",3.86864443839483
"160",159,"CA3410016","DISTRICT 09 - SACRAMENTO",3410016,"ORANGE VALE WATER COMPANY","C","C","D3","There are no treatment plants","C1",5682,18005,"2019-09-06","y","Bin C",3.75450122938692
"161",160,"CA3410022","DISTRICT 09 - SACRAMENTO",3410022,"OLYMPIA MOBILODGE","C","C","D1","There are no treatment plants","SC",200,450,"2019-05-31","y","Bin A",2.30102999566398
"162",161,"CA3410030","DISTRICT 09 - SACRAMENTO",3410030,"FOLSOM, CITY OF - ASHLAND","C","C","D2","There are no treatment plants","C1",1072,3538,"2018-11-13","y","Bin B",3.03019478535675
"163",162,"CA3410033","DISTRICT 09 - SACRAMENTO",3410033,"FLORIN COUNTY WATER DISTRICT","C","C","D2","T1","C1",2373,7652,"2019-11-20","y","Bin B",3.37529773821734
"164",163,"CA3410045","DISTRICT 09 - SACRAMENTO",3410045,"CALAM - ARDEN","C","C","D2","T1","C1",1178,3888,"2020-06-18","y","Bin B",3.07114529045108
"165",164,"CA3410704","DISTRICT 09 - SACRAMENTO",3410704,"SCWA MATHER-SUNRISE","C","C","D3","T2","C1",6347,20945,"2019-07-25","y","Bin C",3.80256849831396
"166",165,"CA5710005","DISTRICT 09 - SACRAMENTO",5710005,"CITY OF WINTERS","C","C","D2","TD","C1",2096,7417,"2020-01-22","y","Bin B",3.32139127831169
"167",166,"CA0900102","LPA39 - EL DORADO COUNTY",900102,"GOLD BEACH PARK","C","C","NR","T1","SC",40,100,"2019-07-03","y","Bin A",1.60205999132796
"168",167,"CA3400122","LPA64 - SACRAMENTO COUNTY",3400122,"EL DORADO WEST MHP","C","C",NA,"There are no treatment plants","SC",128,172,"2018-11-09","y","Bin A",2.10720996964787
"169",168,"CA3400397","LPA64 - SACRAMENTO COUNTY",3400397,"LAGUNA VILLAGE RV PARK","C","C",NA,"There are no treatment plants","SC",28,32,"2020-01-15","y","Bin A",1.44715803134222
"170",169,"CA5700707","LPA87 - YOLO COUNTY",5700707,"ROLLING ACRES MUTUAL WATER COMPANY","C","C","D1","There are no treatment plants","SC",11,40,"2019-12-12","y","Bin A",1.04139268515823
"171",170,"CA0300053","DISTRICT 10 - STOCKTON",300053,"RANCHO DEL ORO","C","C","D1","There are no treatment plants","SC",24,44,"2018-11-03","y","Bin A",1.38021124171161
"172",171,"CA0310011","DISTRICT 10 - STOCKTON",310011,"FIRST MACE MEADOW # 1","C","C","D1","There are no treatment plants","SC",337,838,"2019-06-18","y","Bin A",2.52762990087134
"173",172,"CA0310019","DISTRICT 10 - STOCKTON",310019,"AWA LA MEL HEIGHTS #3","C","C","D1","T1","SC",55,188,"2019-04-26","y","Bin A",1.74036268949424
"174",173,"CA0510001","DISTRICT 10 - STOCKTON",510001,"UNION PUBLIC UTILITY DISTRICT","C","C","D2","T3","DAVCL",1667,4300,"2020-07-17","y","Bin B",3.22193559982801
"175",174,"CA0510002","DISTRICT 10 - STOCKTON",510002,"CALAVERAS PUD","C","C","D2","T3","DAVCL",1895,6254,"2018-08-28","y","Bin B",3.27760921430409
"176",175,"CA3910003","DISTRICT 10 - STOCKTON",3910003,"ESCALON, CITY OF","C","C","D2","TD","C1",2495,7725,"2019-08-22","y","Bin B",3.39707054995941
"177",176,"CA3910007","DISTRICT 10 - STOCKTON",3910007,"RIPON, CITY OF","C","C","D4","TD","C1",4941,15930,"2019-06-27","y","Bin C",3.69381485388942
"178",177,"CA3910010","DISTRICT 10 - STOCKTON",3910010,"SAN JOAQUIN COUNTY - LINCOLN VILLAGE","C","C","D2","There are no treatment plants","C1",1795,5924,"2018-06-19","y","Bin B",3.25406445291434
"179",178,"CA3910015","DISTRICT 10 - STOCKTON",3910015,"CITY OF LATHROP","C","C","D3","T3","C1",7303,24268,"2018-06-28","y","Bin D",3.86350130064145
"180",179,"CA3910027","DISTRICT 10 - STOCKTON",3910027,"MOUNTAIN HOUSE COMMUNITY SERVICES DIST.","C","C","D3","T4","C1",5950,19635,"2019-10-30","y","Bin C",3.77451696572855
"181",180,"CA5010013","DISTRICT 10 - STOCKTON",5010013,"CITY OF NEWMAN-WATER DEPARTMENT","C","C","D3","TD","C1",3525,11658,"2019-11-05","y","Bin C",3.54715912132742
"182",181,"CA5010014","DISTRICT 10 - STOCKTON",5010014,"OAKDALE, CITY OF","C","C","D3","There are no treatment plants","C1",7648,22348,"2019-08-14","y","Bin D",3.88354787926804
"183",182,"CA5010017","DISTRICT 10 - STOCKTON",5010017,"PATTERSON, CITY OF","C","C","D4","TD","C1",6591,22679,"2018-05-14","y","Bin D",3.81895131164017
"184",183,"CA5010018","DISTRICT 10 - STOCKTON",5010018,"RIVERBANK, CITY OF","C","C","D3","There are no treatment plants","C1",6867,25244,"2019-07-03","y","Bin D",3.83676704739421
"185",184,"CA0500091","LPA35 - CALAVERAS COUNTY",500091,"RITE OF PASSAGE/SIERRA RIDGE","C","C","TD","T2","SC",13,150,"2020-07-30","y","Bin A",1.11394335230684
"186",185,"CA3900505","LPA69 - SAN JOAQUIN COUNTY",3900505,"FARMINGTON WATER COMPANY","C","C","D1","There are no treatment plants","SC",82,270,"2017-07-07","y","Bin A",1.91381385238372
"187",186,"CA3900606","LPA69 - SAN JOAQUIN COUNTY",3900606,"A1 WINSTONS MOBILE HOME PARK","C","C","D1","There are no treatment plants","SC",30,75,"2017-12-08","y","Bin A",1.47712125471966
"188",187,"CA3900701","LPA69 - SAN JOAQUIN COUNTY",3900701,"CURRIER ESTATES WATER CORP","C","C","D1","There are no treatment plants","SC",37,148,"2019-01-24","y","Bin A",1.56820172406699
"189",188,"CA3900733","LPA69 - SAN JOAQUIN COUNTY",3900733,"COUNTRY CLUB VISTA MUTUAL WATER CO","C","C","D1","There are no treatment plants","SC",31,75,"2017-12-18","y","Bin A",1.49136169383427
"190",189,"CA3900835","LPA69 - SAN JOAQUIN COUNTY",3900835,"WAYSIDE MOTEL APARTMENTS WTR SYS","C","C","D1","There are no treatment plants","SC",22,70,"2019-06-04","y","Bin A",1.34242268082221
"191",190,"CA3900907","LPA69 - SAN JOAQUIN COUNTY",3900907,"BEL AIR MOBILE ESTATE","C","C","D1","There are no treatment plants","SC",116,150,"2017-06-08","y","Bin A",2.06445798922692
"192",191,"CA3900983","LPA69 - SAN JOAQUIN COUNTY",3900983,"CHERRY LANE TRAILER PARK","C","C","D1","There are no treatment plants","SC",43,100,"2017-12-15","y","Bin A",1.63346845557959
"193",192,"CA3901075","LPA69 - SAN JOAQUIN COUNTY",3901075,"FAIRWAY ESTATES PWS CSA-18","C","C","D1","There are no treatment plants","SC",41,68,"2017-12-06","y","Bin A",1.61278385671974
"194",193,"CA5000005","LPA80 - STANISLAUS COUNTY",5000005,"CROWS LANDING COMM SVC DISTRICT","C","C","D1","There are no treatment plants","SC",138,500,"2019-05-22","y","Bin A",2.13987908640124
"195",194,"CA2010001","DISTRICT 11 - MERCED",2010001,"CHOWCHILLA CITY WATER DEPT","C","C","D3","TD","DAVCL",4029,13220,"2018-11-28","y","Bin C",3.60519726738838
"196",195,"CA2010006","DISTRICT 11 - MERCED",2010006,"MADERA CO SA3-PARKSDALE","C","C","D2","There are no treatment plants","SC",542,1789,"2018-08-29","y","Bin A",2.73399928653839
"197",196,"CA2010010","DISTRICT 11 - MERCED",2010010,"MADERA VALLEY WATER COMPANY","C","C","D2","There are no treatment plants","DAVCL",1931,6372,"2017-12-14","y","Bin B",3.28578227377939
"198",197,"CA2210901","DISTRICT 11 - MERCED",2210901,"MPWD-COULTERVILLE CSA 1","C","C","D1","There are no treatment plants","SC",98,193,"2017-12-07","y","Bin A",1.99122607569249
"199",198,"CA2410001","DISTRICT 11 - MERCED",2410001,"CITY OF ATWATER","C","C","D3","T2","DAVCL",8419,29479,"2018-08-23","y","Bin D",3.92526050951944
"200",199,"CA2410002","DISTRICT 11 - MERCED",2410002,"CITY OF DOS PALOS","C","C","D2","T3","C1",2522,7452,"2017-12-05","y","Bin B",3.40174508223706
"201",200,"CA2410006","DISTRICT 11 - MERCED",2410006,"DELHI CWD","C","C","D2","TD","DAVCL",2355,7784,"2018-11-15","y","Bin B",3.37199091146491
"202",201,"CA5500071","DISTRICT 11 - MERCED",5500071,"RAWHIDE INVESTMENT COMPANY","C","C","D1","TD","SC",100,269,"2017-12-05","y","Bin A",2
"203",202,"CA5500096","DISTRICT 11 - MERCED",5500096,"SIERRA TWAIN HARTE MHP","C","C","D1","TD","SC",46,129,"2019-08-09","y","Bin A",1.66275783168157
"204",203,"CA5510004","DISTRICT 11 - MERCED",5510004,"PINECREST PERMITTEES ASSN","C","C","D2","T2","SC",390,1253,"2018-09-14","y","Bin A",2.5910646070265
"205",204,"CA5510009","DISTRICT 11 - MERCED",5510009,"GROVELAND COMMUNITY SERV DIST","C","C","D3","T2","DAVCL",3246,3400,"2017-11-01","y","Bin B",3.51134851549021
"206",205,"CA2000511","LPA50 - MADERA COUNTY",2000511,"MD 85 VALETA","C","C","D1","There are no treatment plants","SC",20,45,"2019-09-17","y","Bin A",1.30102999566398
"207",206,"CA2000849","LPA50 - MADERA COUNTY",2000849,"MD 60 DILLON ESTATES","C","C","D1","There are no treatment plants","SC",38,150,"2019-09-13","y","Bin A",1.57978359661681
"208",207,"CA1010001","DISTRICT 12 - VISALIA",1010001,"BAKMAN WATER COMPANY","C","C","D2","T3","DAVCL",2505,16756,"2018-12-10","y","Bin B",3.39880773020326
"209",208,"CA1010026","DISTRICT 12 - VISALIA",1010026,"PINEDALE COUNTY WATER DISTRICT","C","C","D2","TD","C1",2119,16735,"2018-11-16","y","Bin B",3.32613095671079
"210",209,"CA1500544","DISTRICT 12 - VISALIA",1500544,"ENOS LANE PUBLIC UTILITY DISTRICT","C","C","D1","TD","SC",89,365,"2018-07-27","y","Bin A",1.94939000664491
"211",210,"CA1500553","DISTRICT 12 - VISALIA",1500553,"RANCHOS DEL RIO","C","C","D1","There are no treatment plants","SC",24,62,"2020-03-25","y","Bin A",1.38021124171161
"212",211,"CA1500575","DISTRICT 12 - VISALIA",1500575,"SAN JOAQUIN ESTATES MUTUAL WATER COMPANY","C","C","D1","TD","SC",61,165,"2019-11-19","y","Bin A",1.78532983501077
"213",212,"CA1500599","DISTRICT 12 - VISALIA",1500599,"CHOCTAW VALLEY MUTUAL WATER CO.","C","C","D1","T1","SC",18,44,"2018-11-28","y","Bin A",1.25527250510331
"214",213,"CA1502620","DISTRICT 12 - VISALIA",1502620,"POND MUTUAL WATER COMPANY","C","C","D1","T1","DAVCS",18,48,"2020-07-29","y","Bin A",1.25527250510331
"215",214,"CA1510001","DISTRICT 12 - VISALIA",1510001,"ARVIN COMMUNITY SERVICES DIST","C","C","D3","T2","DAVCL",4038,21947,"2018-11-28","y","Bin C",3.60616631460762
"216",215,"CA1510005","DISTRICT 12 - VISALIA",1510005,"DELANO, CITY OF","C","C","D4","T3","DAVCL",9890,53936,"2018-12-13","y","Bin D",3.99519629159718
"217",216,"CA1510012","DISTRICT 12 - VISALIA",1510012,"LAMONT PUBLIC UTILITY DIST","C","C","D3","T2","DAVCL",3300,19057,"2018-10-24","y","Bin B",3.51851393987789
"218",217,"CA1510019","DISTRICT 12 - VISALIA",1510019,"SHAFTER, CITY OF","C","C","D3","T2","DAVCL",4777,20500,"2019-04-08","y","Bin C",3.67915524128335
"219",218,"CA1510022","DISTRICT 12 - VISALIA",1510022,"WEST KERN WATER DISTRICT","C","C","D4","T2","C1",7537,22863,"2018-12-13","y","Bin D",3.87719851527179
"220",219,"CA1510024","DISTRICT 12 - VISALIA",1510024,"GREENFIELD COUNTY WD","C","C","D3","T2","DAVCL",3255,10444,"2019-11-25","y","Bin B",3.51255099290421
"221",220,"CA1510046","DISTRICT 12 - VISALIA",1510046,"LOST HILLS UTILITY DISTRICT","C","C","D2","T2","SC",437,2412,"2018-12-07","y","Bin A",2.64048143697042
"222",221,"CA1610002","DISTRICT 12 - VISALIA",1610002,"AVENAL, CITY OF","C","C","D3","T3","DAVCL",1953,13218,"2019-08-06","y","Bin B",3.29070224328785
"223",222,"CA1610004","DISTRICT 12 - VISALIA",1610004,"CORCORAN, CITY OF","C","C","D3","T4","C1",3383,21835,"2017-10-20","y","Bin C",3.52930199778798
"224",223,"CA1610005","DISTRICT 12 - VISALIA",1610005,"LEMOORE, CITY OF","C","C","D3","T3","C1",7028,26093,"2019-10-23","y","Bin D",3.84683175282326
"225",224,"CA1610006","DISTRICT 12 - VISALIA",1610006,"STRATFORD PUD","C","C","D2","TD","DAVCS",364,1301,"2018-11-13","y","Bin A",2.56110138364906
"226",225,"CA5400665","DISTRICT 12 - VISALIA",5400665,"DEL ORO RIVER ISLAND SERV TERR #1","C","C","D1","There are no treatment plants","SC",390,1287,"2018-12-05","y","Bin A",2.5910646070265
"227",226,"CA1400007","DISTRICT 13 - SAN BERNARDINO",1400007,"SIERRA HIGHLAND CSD","C","C","D1","There are no treatment plants","SC",215,600,"2017-05-31","y","Bin A",2.33243845991561
"228",227,"CA3600222","DISTRICT 13 - SAN BERNARDINO",3600222,"JUNIPER RIVIERA CWD","C","C","D1","TD","SC",250,441,"2013-12-03","y","Bin A",2.39794000867204
"229",228,"CA3610008","DISTRICT 13 - SAN BERNARDINO",3610008,"BIG BEAR CITY CSD","C","C","D3","T3","DAVCL",6149,12543,"2018-10-24","y","Bin C",3.78880449304465
"230",229,"CA3610015","DISTRICT 13 - SAN BERNARDINO",3610015,"CRESTLINE VILLAGE CWD - DIVISION 10","C","C","D3","T1","DAVCL",4950,8360,"2014-06-18","y","Bin C",3.69460519893357
"231",230,"CA3610022","DISTRICT 13 - SAN BERNARDINO",3610022,"DWP - FAWNSKIN","C","C","D1","T2","DAVCS",717,469,"2017-12-14","y","Bin A",2.8555191556678
"232",231,"CA3610023","DISTRICT 13 - SAN BERNARDINO",3610023,"GREEN VALLEY MWC","C","C","D1","TD","C1",1169,350,"2017-05-02","y","Bin B",3.06781451116184
"233",232,"CA3610025","DISTRICT 13 - SAN BERNARDINO",3610025,"JOSHUA BASIN WATER DISTRICT","C","C","D3","TD","DAVCL",4806,9665,"2014-10-15","y","Bin C",3.68178376646788
"234",233,"CA3610030","DISTRICT 13 - SAN BERNARDINO",3610030,"MARIANA RANCHOS CWD","C","C","D2","There are no treatment plants","SC",420,1386,"2018-03-01","y","Bin A",2.6232492903979
"235",234,"CA3610031","DISTRICT 13 - SAN BERNARDINO",3610031,"MUSCOY MWC NO. 1","C","C","D2","TD","DAVCL",1402,7500,"2013-04-11","y","Bin B",3.14674801363064
"236",235,"CA3610045","DISTRICT 13 - SAN BERNARDINO",3610045,"LACSD - RIMFOREST","C","C","D1","There are no treatment plants","SC",296,820,"2014-10-07","y","Bin A",2.47129171105894
"237",236,"CA3610046","DISTRICT 13 - SAN BERNARDINO",3610046,"VALLEY VIEW PARK MWC","C","C","D1","TD","SC",218,499,"2017-07-11","y","Bin A",2.3384564936046
"238",237,"CA3610049","DISTRICT 13 - SAN BERNARDINO",3610049,"TWENTYNINE PALMS WATER DISTRICT","C","C","D4","T2","DAVCL",7049,18795,"2019-11-19","y","Bin D",3.84812751056787
"239",238,"CA3610062","DISTRICT 13 - SAN BERNARDINO",3610062,"RUNNING SPRINGS WATER DISTRICT","C","C","D2","T2","C1",2999,4862,"2012-09-19","y","Bin B",3.47697646575953
"240",239,"CA3610082","DISTRICT 13 - SAN BERNARDINO",3610082,"SAN ANTONIO CANYON MSC","C","C","D1","TD","SC",64,125,"2014-11-06","y","Bin A",1.80617997398389
"241",240,"CA3610085","DISTRICT 13 - SAN BERNARDINO",3610085,"SAN ANTONIO WATER COMPANY","C","C","D3","TD","C1",1210,3371,"2019-08-06","y","Bin B",3.08278537031645
"242",241,"CA3610114","DISTRICT 13 - SAN BERNARDINO",3610114,"CLAWA","C","C","D3","T3","C1",1223,2320,"2018-09-25","y","Bin B",3.08742645703629
"243",242,"CA3610120","DISTRICT 13 - SAN BERNARDINO",3610120,"PHELAN PINON HILLS CSD","C","C","D4","TD","C1",6898,22763,"2016-11-14","y","Bin D",3.83872319003137
"244",243,"CA3610121","DISTRICT 13 - SAN BERNARDINO",3610121,"SBDNO COUNTY SERVICE AREA 64","C","C","D3","TD","C1",3922,14375,"2020-03-26","y","Bin C",3.59350758933177
"245",244,"CA3610125","DISTRICT 13 - SAN BERNARDINO",3610125,"SBNDO COUNTY SERVICE AREA 70J","C","C","D4","TD","C1",3300,11944,"2016-06-03","y","Bin B",3.51851393987789
"246",245,"CA1400004","LPA44 - INYO COUNTY",1400004,"CHARLES BROWN WATER COMPANY","C","C","D1","T1","SC",40,242,"2019-09-24","y","Bin A",1.60205999132796
"247",246,"CA1400034","LPA44 - INYO COUNTY",1400034,"KEOUGH'S HOT SPRINGS","C","C","D1","There are no treatment plants","SC",21,75,"2017-06-21","y","Bin A",1.32221929473392
"248",247,"CA1400072","LPA44 - INYO COUNTY",1400072,"NORTH LONE PINE MUTUAL WATER COMPANY","C","C","D1","There are no treatment plants","SC",33,70,"2012-04-26","y","Bin A",1.51851393987789
"249",248,"CA2600621","LPA56 - MONO COUNTY",2600621,"WHITE MOUNTAIN MUTUAL WATER COMPANY","C","C","D1","There are no treatment plants","SC",43,142,"2019-05-29","y","Bin A",1.63346845557959
"250",249,"CA3600200","LPA66 - SAN BERNARDINO COUNTY",3600200,"RANCHERITOS MWC","C","C","D1","There are no treatment plants","SC",131,655,"2018-08-07","y","Bin A",2.11727129565576
"251",250,"CA3600297","LPA66 - SAN BERNARDINO COUNTY",3600297,"GORDON ACRES WATER CO","C","C","D1","There are no treatment plants","SC",66,200,"2019-12-10","y","Bin A",1.81954393554187
"252",251,"CA1310002","DISTRICT 14 - SAN DIEGO",1310002,"CALEXICO, CITY OF","C","C","D4","T4","C1",8431,40357,"2019-09-27","y","Bin D",3.9258790893015
"253",252,"CA1310006","DISTRICT 14 - SAN DIEGO",1310006,"IMPERIAL, CITY OF","C","C","D3","T3","C1",5793,19372,"2018-09-07","y","Bin C",3.76290352849906
"254",253,"CA1310007","DISTRICT 14 - SAN DIEGO",1310007,"HEBER PUBLIC UTILITY DISTRICT","C","C","D2","T3","DAVCL",1627,6979,"2020-02-05","y","Bin B",3.21138755293686
"255",254,"CA1310013","DISTRICT 14 - SAN DIEGO",1310013,"SEELEY CWD","C","C","D2","T3","DAVCS",449,2124,"2018-10-05","y","Bin A",2.65224634100332
"256",255,"CA3700905","DISTRICT 14 - SAN DIEGO",3700905,"PINE HILLS MUTUAL WATER COMPANY","C","C","D1","T2","SC",236,760,"2018-07-17","y","Bin A",2.37291200297011
"257",256,"CA3700919","DISTRICT 14 - SAN DIEGO",3700919,"LAKE WOHLFORD RESORT","C","C","D1","T2","SC",137,250,"2018-06-06","y","Bin A",2.13672056715641
"258",257,"CA3710008","DISTRICT 14 - SAN DIEGO",3710008,"FALLBROOK PUD","C","C","D4","T3","C1",9107,34894,"2015-12-16","y","Bin D",3.95937533657584
"259",258,"CA3710013","DISTRICT 14 - SAN DIEGO",3710013,"LAKESIDE WD","C","C","D4","T2","C1",6986,35500,"2016-12-15","y","Bin D",3.84422858130163
"260",259,"CA3710016","DISTRICT 14 - SAN DIEGO",3710016,"RAINBOW MUNICIPAL WD","C","C","D4","There are no treatment plants","C1",8254,44726,"2017-01-17","y","Bin D",3.9166644645414
"261",260,"CA3710019","DISTRICT 14 - SAN DIEGO",3710019,"RAMONA MUNICIPAL WD","C","C","D4","There are no treatment plants","C1",9507,33865,"2019-06-10","y","Bin D",3.97804349390996
"262",261,"CA3710023","DISTRICT 14 - SAN DIEGO",3710023,"SANTA FE I.D.","C","C","D4","T5","C1",6461,24509,"2018-11-15","y","Bin D",3.81029974104017
"263",262,"CA3710026","DISTRICT 14 - SAN DIEGO",3710026,"VALLEY CENTER MWD","C","C","D4","There are no treatment plants","C1",8990,25766,"2017-10-19","y","Bin D",3.95375969173323
"264",263,"CA1300555","LPA43 - IMPERIAL COUNTY",1300555,"MITCHELLS CAMP FAMILY ASSOC.","C","C","D1","There are no treatment plants","SC",70,175,"2019-05-06","y","Bin A",1.84509804001426
"265",264,"CA1300591","LPA43 - IMPERIAL COUNTY",1300591,"IID DROP FOUR","C","C","D1","T1","SC",8,28,"2019-05-09","y","Bin A",0.903089986991944
"266",265,"CA1910028","DISTRICT 15 - METROPOLITAN",1910028,"CRESCENTA VALLEY CWD","C","C","D4","T3","C1",8004,33203,"2017-09-26","y","Bin D",3.90330707996417
"267",266,"CA1910040","DISTRICT 15 - METROPOLITAN",1910040,"EL SEGUNDO-CITY, WATER DEPT.","C","C","D3","There are no treatment plants","C1",4640,16719,"2018-07-03","y","Bin C",3.66651798055488
"268",267,"CA1910062","DISTRICT 15 - METROPOLITAN",1910062,"LA VERNE, CITY WD","C","C","D4","T3","C1",8794,32206,"2018-01-22","y","Bin D",3.94418646128369
"269",268,"CA1910108","DISTRICT 15 - METROPOLITAN",1910108,"CITY OF BELL GARDENS","C","C","D2","T2","DAVCL",1658,4074,"2018-07-17","y","Bin B",3.21958452621425
"270",269,"CA1910157","DISTRICT 15 - METROPOLITAN",1910157,"SUNNY SLOPE WATER CO.","C","C","D3","T3","C1",6262,30700,"2019-01-22","y","Bin C",3.7967130632809
"271",270,"CA1910167","DISTRICT 15 - METROPOLITAN",1910167,"VERNON-CITY, WATER DEPT.","C","C","D4","T1","C1",1104,30000,"2020-03-04","y","Bin B",3.04296907339318
"272",271,"CA1910191","DISTRICT 15 - METROPOLITAN",1910191,"NORWALK - CITY, WATER DEPT.","C","C","D4","T1","C1",5322,12794,"2017-02-22","y","Bin C",3.72607487021537
"273",272,"CA1910012","DISTRICT 16 - CENTRAL",1910012,"BELLFLOWER HOME GARDEN WATER COMPANY","C","C","D1","There are no treatment plants","SC",342,1129,"2018-09-27","y","Bin A",2.53402610605613
"274",273,"CA1910038","DISTRICT 16 - CENTRAL",1910038,"EL MONTE-CITY, WATER DEPT.","C","C","D3","Missing treatment classification in SDWIS","DAVCL",3877,22968,"2019-12-16","y","Bin C",3.58849580100721
"275",274,"CA1910054","DISTRICT 16 - CENTRAL",1910054,"LA CANADA IRRIGATION DIST.","C","C","D3","TD","C1",2939,9300,"2018-11-07","y","Bin B",3.46819958607261
"276",275,"CA1910060","DISTRICT 16 - CENTRAL",1910060,"LA PUENTE VALLEY CWD","C","C","D3","T3","C1",2449,9842,"2018-10-29","y","Bin B",3.38898878512471
"277",276,"CA1910063","DISTRICT 16 - CENTRAL",1910063,"LINCOLN AVENUE WATER CO.","C","C","D4","T2","C1",4474,16126,"2018-10-30","y","Bin C",3.65069597976061
"278",277,"CA1910081","DISTRICT 16 - CENTRAL",1910081,"LYNWOOD PARK MUTUAL WATER CO.","C","C","D1","T1","SC",470,2300,"2018-06-27","y","Bin A",2.67209785793572
"279",278,"CA1910084","DISTRICT 16 - CENTRAL",1910084,"MAYWOOD MUTUAL WATER CO. #1","C","C","D2","T1","DAVCL",1163,5500,"2018-08-30","y","Bin B",3.06557971472845
"280",279,"CA1910085","DISTRICT 16 - CENTRAL",1910085,"MAYWOOD MUTUAL WATER CO. #2","C","C","D2","T2","C1",1924,7118,"2018-08-14","y","Bin B",3.28420506770179
"281",280,"CA1910086","DISTRICT 16 - CENTRAL",1910086,"MAYWOOD MUTUAL WATER CO. #3","C","C","D2","TD","C1",2014,9500,"2018-09-11","y","Bin B",3.3040594662176
"282",281,"CA1910091","DISTRICT 16 - CENTRAL",1910091,"MONTEBELLO LAND & WATER CO.","C","C","D2","T2","C1",4048,26554,"2018-11-27","y","Bin C",3.60724050383174
"283",282,"CA1910103","DISTRICT 16 - CENTRAL",1910103,"PALM RANCH IRRIGATION DIST.","C","C","D2","T2","C1",1686,5570,"2019-04-19","y","Bin B",3.22685757028872
"284",283,"CA1910130","DISTRICT 16 - CENTRAL",1910130,"QUARTZ HILL WATER DIST.","C","C","D4","T2","C1",5760,20352,"2014-03-13","y","Bin C",3.76042248342321
"285",284,"CA1910140","DISTRICT 16 - CENTRAL",1910140,"RUBIO CANON LAND & WATER ASSOCIATION","C","C","D3","T3","C1",3128,9600,"2019-11-20","y","Bin B",3.49526674438781
"286",285,"CA1910143","DISTRICT 16 - CENTRAL",1910143,"SAN FERNANDO-CITY, WATER DEPT.","C","C","D3","T2","C1",5158,24714,"2018-09-20","y","Bin C",3.71248133780192
"287",286,"CA1910163","DISTRICT 16 - CENTRAL",1910163,"VALENCIA HEIGHTS WATER CO.","C","C","D3","T2","C1",1677,7775,"2018-10-18","y","Bin B",3.22453306260609
"288",287,"CA1910185","DISTRICT 16 - CENTRAL",1910185,"LOS ANGELES CWWD 36-VAL VERDE","C","C","D3","There are no treatment plants","C1",1349,5173,"2018-10-01","y","Bin B",3.1300119496719
"289",288,"CA1910204","DISTRICT 16 - CENTRAL",1910204,"LOS ANGELES CWWD 29 & 80-MALIBU","C","C","D4","T1","C1",7498,31204,"2015-06-24","y","Bin D",3.87494543608553
"290",289,"CA1910204","DISTRICT 16 - CENTRAL",1910204,"LOS ANGELES CWWD 29 & 80-MALIBU","C","C","D4","T1","C1",7498,31204,"2015-06-24","y","Bin D",3.87494543608553
"291",290,"CA4100510","DISTRICT 17 - SANTA CLARA",4100510,"REDWOOD TERRACE MUTUAL","C","C","D1","T1","SC",16,43,"2018-06-28","y","Bin A",1.20411998265592
"292",291,"CA4110001","DISTRICT 17 - SANTA CLARA",4110001,"MID-PENINSULA WATER DISTRICT","C","C","D3","There are no treatment plants","C1",8728,28050,"2018-02-01","y","Bin D",3.94091473758029
"293",292,"CA4110003","DISTRICT 17 - SANTA CLARA",4110003,"CITY OF BURLINGAME","C","C","D3","There are no treatment plants","C1",8728,31056,"2018-03-19","y","Bin D",3.94091473758029
"294",293,"CA4110010","DISTRICT 17 - SANTA CLARA",4110010,"MONTARA WATER AND SANITARY DISTRICT","C","C","D2","T3","C1",1664,5289,"2018-06-14","y","Bin B",3.22115332195471
"295",294,"CA4110011","DISTRICT 17 - SANTA CLARA",4110011,"COASTSIDE COUNTY WATER DISTRICT","C","C","D3","T3","C1",6530,16811,"2019-08-21","y","Bin D",3.81491318127507
"296",295,"CA4110016","DISTRICT 17 - SANTA CLARA",4110016,"TOWN OF HILLSBOROUGH","C","C","D3","There are no treatment plants","C1",4293,10910,"2017-08-15","y","Bin C",3.63276088847944
"297",296,"CA4110017","DISTRICT 17 - SANTA CLARA",4110017,"MENLO PARK MUNICIPAL WATER","C","C","D3","There are no treatment plants","C1",4181,14348,"2018-11-28","y","Bin C",3.62128016755041
"298",297,"CA4110018","DISTRICT 17 - SANTA CLARA",4110018,"CITY OF MILLBRAE","C","C","D3","There are no treatment plants","C1",6458,22795,"2019-04-03","y","Bin D",3.81009804068114
"299",298,"CA4110021","DISTRICT 17 - SANTA CLARA",4110021,"ESTERO MUNICIPAL IMPROVEMENT DISTRICT","C","C","D3","There are no treatment plants","C1",8160,37687,"2018-02-28","y","Bin D",3.91169015875386
"300",299,"CA4110024","DISTRICT 17 - SANTA CLARA",4110024,"CITY OF EAST PALO ALTO","C","C","D3","T2","C1",3752,28000,"2017-09-28","y","Bin C",3.57426282970703
"301",300,"CA4110027","DISTRICT 17 - SANTA CLARA",4110027,"WESTBOROUGH COUNTY WATER DIST","C","C","D3","There are no treatment plants","C1",3885,14050,"2019-11-19","y","Bin C",3.58939102313693
"302",301,"CA4300525","DISTRICT 17 - SANTA CLARA",4300525,"MELODY WOODS WATER COMPANY","C","C","D1","T1","SC",51,168,"2019-01-31","y","Bin A",1.70757017609794
"303",302,"CA4300543","DISTRICT 17 - SANTA CLARA",4300543,"WEST SAN MARTIN WATER WORKS INC","C","C","D1","TD","SC",309,1406,"2019-10-22","y","Bin A",2.48995847942483
"304",303,"CA4300550","DISTRICT 17 - SANTA CLARA",4300550,"VISTA GRANDE WATER USERS ASSOCIATION","C","C","D1","There are no treatment plants","SC",24,60,"2019-11-04","y","Bin A",1.38021124171161
"305",304,"CA4300578","DISTRICT 17 - SANTA CLARA",4300578,"ANGELO LANE WATER COMPANY","C","C","D1","There are no treatment plants","SC",15,52,"2018-11-06","y","Bin A",1.17609125905568
"306",305,"CA4300740","DISTRICT 17 - SANTA CLARA",4300740,"MOUNTAIN SPRINGS MUTUAL WATER COMPANY","C","C","D1","T1","SC",18,37,"2018-10-12","y","Bin A",1.25527250510331
"307",306,"CA4300770","DISTRICT 17 - SANTA CLARA",4300770,"THREE SPRINGS RANCH MUTUAL WATER COMPANY","C","C","D1","TD","SC",33,110,"2018-05-17","y","Bin A",1.51851393987789
"308",307,"CA4300771","DISTRICT 17 - SANTA CLARA",4300771,"NEW AVENUE MUTUAL WATER COMPANY","C","C","D1","T1","SC",108,269,"2019-05-08","y","Bin A",2.03342375548695
"309",308,"CA4310018","DISTRICT 17 - SANTA CLARA",4310018,"CITY OF CUPERTINO","C","C","D5","TD","C1",4486,16530,"2017-12-12","y","Bin C",3.65185926924695
"310",309,"CA4310021","DISTRICT 17 - SANTA CLARA",4310021,"PURISSIMA HILLS WATER DISTRICT","C","C","D2","There are no treatment plants","C1",2132,6190,"2018-05-24","y","Bin B",3.32878720035453
"311",310,"CA4900536","DISTRICT 18 - SONOMA",4900536,"OCCIDENTAL COMMUNITY SERVICES DISTRICT","C","C","D1","T1","SC",108,383,"2019-05-22","y","Bin A",2.03342375548695
"312",311,"CA4900552","DISTRICT 18 - SONOMA",4900552,"MICHELE MUTUAL WATER COMPANY","C","C","D1","TD","SC",62,170,"2019-10-22","y","Bin A",1.79239168949825
"313",312,"CA4900570","DISTRICT 18 - SONOMA",4900570,"PALOMINO LAKES MUTUAL WATER CO.","C","C","D1","T1","SC",113,250,"2018-06-21","y","Bin A",2.05307844348342
"314",313,"CA4900575","DISTRICT 18 - SONOMA",4900575,"LOCH HAVEN MUTUAL WATER COMPANY","C","C","D1","T1","SC",12,26,"2017-06-13","y","Bin A",1.07918124604762
"315",314,"CA4900639","DISTRICT 18 - SONOMA",4900639,"REDWOOD HEIGHTS MUTUAL WATER COMPANY","C","C","D1","TD","SC",18,30,"2020-06-15","y","Bin A",1.25527250510331
"316",315,"CA4900644","DISTRICT 18 - SONOMA",4900644,"BRIDGEHAVEN PARK","C","C","D1","T2","SC",31,70,"2019-03-21","y","Bin A",1.49136169383427
"317",316,"CA4900653","DISTRICT 18 - SONOMA",4900653,"LONE PINE MUTUAL WATER COMPANY","C","C","D1","TD","SC",28,65,"2017-10-27","y","Bin A",1.44715803134222
"318",317,"CA4900793","DISTRICT 18 - SONOMA",4900793,"VINEHILL VISTAS MUTUAL WATER COMPANY","C","C","D1","TD","SC",29,60,"2013-02-07","y","Bin A",1.46239799789896
"319",318,"CA4900794","DISTRICT 18 - SONOMA",4900794,"SUNSET PARK COMMUNITY","C","C","D1","TD","SC",42,141,"2017-08-28","y","Bin A",1.6232492903979
"320",319,"CA4900850","DISTRICT 18 - SONOMA",4900850,"BODEGA WATER COMPANY","C","C","D1","T2","SC",38,77,"2013-08-20","y","Bin A",1.57978359661681
"321",320,"CA4900871","DISTRICT 18 - SONOMA",4900871,"DE ANZA MOON VALLEY WATER COMPANY","C","C","D1","TD","SC",247,691,"2016-06-30","y","Bin A",2.39269695325967
"322",321,"CA4900892","DISTRICT 18 - SONOMA",4900892,"SUMMIT VIEW RANCH MUTUAL WATER CO.","C","C","D1","T1","SC",24,45,"2012-10-10","y","Bin A",1.38021124171161
"323",322,"CA4901246","DISTRICT 18 - SONOMA",4901246,"DOWNTOWN GRATON MUTUAL WATER SYSTEM","C","C","D1","T1","SC",25,118,"2020-05-14","y","Bin A",1.39794000867204
"324",323,"CA4901309","DISTRICT 18 - SONOMA",4901309,"HILTON MUTUAL WATER COMPANY","C","C","D1","TD","SC",16,98,"2015-02-25","y","Bin A",1.20411998265592
"325",324,"CA4910003","DISTRICT 18 - SONOMA",4910003,"PENNGROVE WATER COMPANY (PUC)","C","C","D2","There are no treatment plants","SC",517,1706,"2017-01-03","y","Bin A",2.71349054309394
"326",325,"CA4910004","DISTRICT 18 - SONOMA",4910004,"SWEETWATER SPRINGS CWD - GUERNEVILLE","C","C","D2","T2","DAVCL",2676,6000,"2017-04-26","y","Bin B",3.42748610909579
"327",326,"CA4910005","DISTRICT 18 - SONOMA",4910005,"HEALDSBURG, CITY OF","C","C","D3","T3","C1",4900,12104,"2018-06-27","y","Bin C",3.69019608002851
"328",327,"CA4910008","DISTRICT 18 - SONOMA",4910008,"RUSSIAN RIVER COUNTY WATER DISTRICT","C","C","D2","T1","C1",1253,4150,"2014-05-21","y","Bin B",3.09795107099415
"329",328,"CA4910011","DISTRICT 18 - SONOMA",4910011,"SEBASTOPOL, CITY OF","C","C","D2","T2","C1",2936,7786,"2017-05-24","y","Bin B",3.46775605124403
"330",329,"CA4910012","DISTRICT 18 - SONOMA",4910012,"SONOMA, CITY OF","C","C","D3","T1","C1",4189,11654,"2014-05-27","y","Bin C",3.62211036036122
"331",330,"CA4910013","DISTRICT 18 - SONOMA",4910013,"VALLEY OF THE MOON WATER DISTRICT","C","C","D4","T2","C1",6981,27000,"2018-08-30","y","Bin D",3.84391763800639
"332",331,"CA4910014","DISTRICT 18 - SONOMA",4910014,"ROHNERT PARK, CITY OF","C","C","D4","T2","C1",9505,42067,"2019-09-25","y","Bin D",3.97795212120146
"333",332,"CA4910023","DISTRICT 18 - SONOMA",4910023,"CALIFORNIA-AMERICAN LARKFIELD (PUC)","C","C","D3","T2","C1",2203,7270,"2017-03-28","y","Bin B",3.34301449715077
"334",333,"CA1500393","DISTRICT 19 - TEHACHAPI",1500393,"RAINBIRD VALLEY MUTUAL WATER COMPANY","C","C","D1","TD","SC",85,238,"2018-06-20","y","Bin A",1.92941892571429
"335",334,"CA1500398","DISTRICT 19 - TEHACHAPI",1500398,"FRONTIER TRAILS HOMEOWNERS ASSOC INC.","C","C","D1","TD","SC",32,32,"2020-02-21","y","Bin A",1.50514997831991
"336",335,"CA1500404","DISTRICT 19 - TEHACHAPI",1500404,"PINEBROOK COMMUNITY WATER WELL","C","C","D1","There are no treatment plants","SC",42,68,"2018-04-12","y","Bin A",1.6232492903979
"337",336,"CA1500406","DISTRICT 19 - TEHACHAPI",1500406,"TRADEWIND WATER ASSOC.","C","C","D1","TD","SC",234,632,"2018-06-20","y","Bin A",2.36921585741014
"338",337,"CA1500442","DISTRICT 19 - TEHACHAPI",1500442,"SUNSET APARTMENTS WS","C","C","D1","There are no treatment plants","SC",20,37,"2019-11-21","y","Bin A",1.30102999566398
"339",338,"CA1500447","DISTRICT 19 - TEHACHAPI",1500447,"SIERRA BREEZE MUTUAL WATER COMPANY","C","C","D1","There are no treatment plants","SC",60,150,"2018-12-20","y","Bin A",1.77815125038364
"340",339,"CA1500458","DISTRICT 19 - TEHACHAPI",1500458,"R.S. MUTUAL WATER COMPANY","C","C","D1","TD","SC",24,67,"2018-04-19","y","Bin A",1.38021124171161
"341",340,"CA1500525","DISTRICT 19 - TEHACHAPI",1500525,"LAKEVIEW RANCHOS MUTUAL WATER COMPANY","C","C","D1","There are no treatment plants","SC",71,120,"2018-02-02","y","Bin A",1.85125834871908
"342",341,"CA1500540","DISTRICT 19 - TEHACHAPI",1500540,"PINON VALLEY WATER COMPANY","C","C","D1","T1","DAVCS",38,109,"2017-08-23","y","Bin A",1.57978359661681
"343",342,"CA1500579","DISTRICT 19 - TEHACHAPI",1500579,"LIFE WATER CO-OP","C","C","D1","TD","SC",18,27,"2017-12-06","y","Bin A",1.25527250510331
"344",343,"CA1500591","DISTRICT 19 - TEHACHAPI",1500591,"SWEET WATER CO-OP","C","C","D1","There are no treatment plants","SC",15,47,"2018-10-31","y","Bin A",1.17609125905568
"345",344,"CA1502670","DISTRICT 19 - TEHACHAPI",1502670,"FAIRVIEW WATER COMPANY, LLC","C","C","D1","There are no treatment plants","SC",72,240,"2018-11-15","y","Bin A",1.85733249643127
"346",345,"CA1503226","DISTRICT 19 - TEHACHAPI",1503226,"QVWD-WEST & EAST COMBINED WATER SYSTEM","C","C","D1","TD","SC",68,205,"2018-12-19","y","Bin A",1.83250891270624
"347",346,"CA1510009","DISTRICT 19 - TEHACHAPI",1510009,"ERSKINE CREEK WC","C","C","D2","TD","C1",1136,2500,"2019-12-06","y","Bin B",3.055378331375
"348",347,"CA1510016","DISTRICT 19 - TEHACHAPI",1510016,"RAND COMMUNITIES WATER DISTRICT","C","C","D1","TD","DAVCS",285,372,"2018-11-28","y","Bin A",2.45484486000851
"349",348,"CA1510018","DISTRICT 19 - TEHACHAPI",1510018,"ROSAMOND CSD","C","C","D3","T1","C1",5088,16886,"2019-06-12","y","Bin C",3.70654710264036
"350",349,"CA1510020","DISTRICT 19 - TEHACHAPI",1510020,"TEHACHAPI, CITY OF","C","C","D2","T2","DAVCL",3569,8839,"2017-04-04","y","Bin C",3.55254654795566
"351",350,"CA1510032","DISTRICT 19 - TEHACHAPI",1510032,"CALIFORNIA CITY, CITY OF","C","C","D3","TD","C1",4437,14120,"2019-05-22","y","Bin C",3.64708942871655
"352",351,"CA1310011","DISTRICT 20 - RIVERSIDE",1310011,"COACHELLA VWD: I.D. NO. 11","C","C","D2","Operator is not required","DAVCL",2776,7500,"2017-03-20","y","Bin B",3.44341946178282
"353",352,"CA3301879","DISTRICT 20 - RIVERSIDE",3301879,"SHARONDALE MESA HOA","C","C","D1","TD","SC",243,330,"2017-09-25","y","Bin A",2.38560627359831
"354",353,"CA3310007","DISTRICT 20 - RIVERSIDE",3310007,"COACHELLA WATER AUTHORITY","C","C","D4","Operator is not required","C1",8396,45407,"2017-12-20","y","Bin D",3.92407242991036
"355",354,"CA3310016","DISTRICT 20 - RIVERSIDE",3310016,"HEMET, CITY OF","C","C","D3","T2","DAVCL",9325,29982,"2018-05-17","y","Bin D",3.96964884048073
"356",355,"CA3310017","DISTRICT 20 - RIVERSIDE",3310017,"SOUTH MESA WC","C","C","D2","Operator is not required","C1",2974,9936,"2017-05-15","y","Bin B",3.47334096418594
"357",356,"CA3310019","DISTRICT 20 - RIVERSIDE",3310019,"IDYLLWILD WATER DISTRICT","C","C","D2","T2","C1",1649,2500,"2018-12-10","y","Bin B",3.21722065564452
"358",357,"CA3310025","DISTRICT 20 - RIVERSIDE",3310025,"NORCO, CITY OF","C","C","D4","T2","C1",7422,27564,"2018-02-15","y","Bin D",3.87052095001276
"359",358,"CA3310026","DISTRICT 20 - RIVERSIDE",3310026,"NUEVO WATER COMPANY","C","C","D3","T2","C1",1895,6447,"2018-03-20","y","Bin B",3.27760921430409
"360",359,"CA3310033","DISTRICT 20 - RIVERSIDE",3310033,"SANTA ANA RIVER WATER COMPANY","C","C","D2","Operator is not required","C1",2031,6613,"2020-08-17","y","Bin B",3.30770992340481
"361",360,"CA3310040","DISTRICT 20 - RIVERSIDE",3310040,"FERN VALLEY WD","C","C","D2","T2","C1",1175,900,"2018-12-11","y","Bin B",3.07003786660776
"362",361,"CA3310044","DISTRICT 20 - RIVERSIDE",3310044,"RUBIDOUX COMMUNITY SD","C","C","D3","T3","C1",6675,32400,"2020-06-22","y","Bin D",3.82445127003661
"363",362,"CA3310047","DISTRICT 20 - RIVERSIDE",3310047,"CABAZON WATER DISTRICT","C","C","D2","Operator is not required","DAVCS",933,2535,"2017-10-11","y","Bin A",2.9698816437465
"364",363,"CA3310048","DISTRICT 20 - RIVERSIDE",3310048,"COACHELLA VWD: I.D. NO. 8","C","C","D3","Operator is not required","DAVCL",1586,4300,"2018-06-04","y","Bin B",3.20030318298158
"365",364,"CA3310074","DISTRICT 20 - RIVERSIDE",3310074,"TEMESCAL VALLEY WATER DISTRICT","C","C","D3","There are no treatment plants","C1",5662,18146,"2017-11-15","y","Bin C",3.75296986502908
"366",365,"CA3310082","DISTRICT 20 - RIVERSIDE",3310082,"NORTH PERRIS WATER SYSTEM","C","C","D2","Operator is not required","C1",1389,4500,"2017-09-12","y","Bin B",3.14270224573762
"367",366,"CA3301267","LPA63 - RIVERSIDE COUNTY",3301267,"FISHERMAN'S RETREAT","C","C","D1","There are no treatment plants","SC",180,52,"2018-12-21","y","Bin A",2.25527250510331
"368",367,"CA3301381","LPA63 - RIVERSIDE COUNTY",3301381,"CSA 51","C","C","D1","T1","SC",77,350,"2020-06-10","y","Bin A",1.88649072517248
"369",368,"CA3301529","LPA63 - RIVERSIDE COUNTY",3301529,"RAMONA WATER COMPANY","C","C","D1","There are no treatment plants","SC",83,250,"2019-03-27","y","Bin A",1.91907809237607
"370",369,"CA3301682","LPA63 - RIVERSIDE COUNTY",3301682,"TRAILS END MUTUAL WATER COMPANY","C","C","D1","There are no treatment plants","SC",34,52,"2017-12-12","y","Bin A",1.53147891704226
"371",370,"CA3301990","LPA63 - RIVERSIDE COUNTY",3301990,"AMEZCUA - GARCIA WATER","C","C","D1","There are no treatment plants","SC",113,316,"2019-01-16","y","Bin A",2.05307844348342
"372",371,"CA0405001","DISTRICT 21 - VALLEY",405001,"DEL ORO WATER CO.-LIME SADDLE MARINA","C","C","D2","T2","SC",237,749,"2019-12-11","y","Bin A",2.3747483460101
"373",372,"CA0410006","DISTRICT 21 - VALLEY",410006,"SFWP-MINERS RANCH","C","C","D3","T4","DAVCL",6790,22407,"2020-07-29","y","Bin D",3.8318697742805
"374",373,"CA0410008","DISTRICT 21 - VALLEY",410008,"THERMALITO WATER & SEWER DIST","C","C","D2","T3","DAVCL",3059,10095,"2020-04-17","y","Bin B",3.48557947698468
"375",374,"CA0610001","DISTRICT 21 - VALLEY",610001,"ARBUCKLE PUBLIC UTILITY DISTRICT","C","C","D2","TD","DAVCS",1002,2778,"2020-06-17","y","Bin A",3.00086772153123
"376",375,"CA0610004","DISTRICT 21 - VALLEY",610004,"CITY OF WILLIAMS","C","C","D2","T1","DAVCL",1448,5255,"2019-05-10","y","Bin B",3.16076856186113
"377",376,"CA1100711","DISTRICT 21 - VALLEY",1100711,"BUTTE CITY COMMUNITY S.D.","C","C","D1","TD","SC",48,75,"2019-09-24","y","Bin A",1.68124123737559
"378",377,"CA1110001","DISTRICT 21 - VALLEY",1110001,"CITY OF ORLAND","C","C","D2","TD","DAVCL",2559,7932,"2018-05-18","y","Bin B",3.40807028588719
"379",378,"CA5200574","DISTRICT 21 - VALLEY",5200574,"DEL ORO WC - LARKSPUR MEADOWS","C","C","D1","There are no treatment plants","SC",35,122,"2020-05-06","y","Bin A",1.54406804435028
"380",379,"CA5210004","DISTRICT 21 - VALLEY",5210004,"CITY OF RED BLUFF","C","C","D3","There are no treatment plants","DAVCL",4870,14076,"2018-04-17","y","Bin C",3.68752896121463
"381",380,"CA0400149","LPA34 - BUTTE COUNTY",400149,"HUMBOLDT WOODLANDS MUTUAL","C","C","D1","There are no treatment plants","SC",32,75,"2018-10-03","y","Bin A",1.50514997831991
"382",381,"CA5200555","LPA82 - TEHAMA COUNTY",5200555,"RIO RANCH COMMUNITY SVCS DIST","C","C","D1","There are no treatment plants","SC",17,44,"2015-02-13","y","Bin A",1.23044892137827
"383",382,"CA5200562","LPA82 - TEHAMA COUNTY",5200562,"SKY VIEW COUNTY WATER","C","C","D1","TD","SC",85,412,"2019-06-13","y","Bin A",1.92941892571429
"384",383,"CA5200575","LPA82 - TEHAMA COUNTY",5200575,"RANCHO COLORADO WS","C","C","D1","There are no treatment plants","SC",12,36,"2018-02-27","y","Bin A",1.07918124604762
"385",384,"CA1910021","DISTRICT 22 - ANGELES",1910021,"LIBERTY UTILITIES - COMPTON","C","C","D3","T1","C1",6978,23802,"2017-12-12","y","Bin D",3.84373096511209
"386",385,"CA1910049","DISTRICT 22 - ANGELES",1910049,"HUNTINGTON PARK-CITY, WATER DEPT.","C","C","D4","T1","DAVCL",5572,15414,"2019-12-19","y","Bin C",3.74601110775193
"387",386,"CA1910117","DISTRICT 22 - ANGELES",1910117,"MONTEBELLO-CITY, WATER DEPT.","C","C","D2","TD","C1",1493,8195,"2019-08-06","y","Bin B",3.17405980772503
"388",387,"CA1910161","DISTRICT 22 - ANGELES",1910161,"LIBERTY UTILITIES - LYNWOOD","C","C","D3","T2","C1",4480,34171,"2020-06-25","y","Bin C",3.65127801399814
"389",388,"CA1910245","DISTRICT 22 - ANGELES",1910245,"SANTA FE SPRINGS - CITY, WATER DEPT.","C","C","D4","There are no treatment plants","C1",6788,18533,"2019-08-01","y","Bin D",3.83174183364564
"390",389,"CA1910249","DISTRICT 22 - ANGELES",1910249,"WHITE FENCE FARMS MWC NO. 1","C","C","D2","T2","SC",454,1145,"2019-07-26","y","Bin A",2.6570558528571
"391",390,"CA1000005","DISTRICT 23 - FRESNO",1000005,"BIG CREEK COMMUNITY SERV DIST","C","C","D1","TD","SC",67,124,"2018-07-19","y","Bin A",1.82607480270083
"392",391,"CA1000023","DISTRICT 23 - FRESNO",1000023,"FCSA #14/BELMONT MANOR","C","C","D1","There are no treatment plants","SC",41,115,"2017-08-08","y","Bin A",1.61278385671974
"393",392,"CA1000277","DISTRICT 23 - FRESNO",1000277,"ELM COURT","C","C","D1","TD","SC",12,64,"2019-11-22","y","Bin A",1.07918124604762
"394",393,"CA1000378","DISTRICT 23 - FRESNO",1000378,"SUNSET WEST COMMUNITY LLC","C","C","D1","There are no treatment plants","SC",159,350,"2019-06-12","y","Bin A",2.20139712432045
"395",394,"CA1000405","DISTRICT 23 - FRESNO",1000405,"PIEDRA PARK ASSOCIATION","C","C","D1","T1","SC",15,25,"2018-07-10","y","Bin A",1.17609125905568
"396",395,"CA1000484","DISTRICT 23 - FRESNO",1000484,"FCSA #34/ MILLERTON NEW TOWN","C","C","D1","T2","SC",315,868,"2019-10-03","y","Bin A",2.4983105537896
"397",396,"CA1000551","DISTRICT 23 - FRESNO",1000551,"FCSA #43/RAISIN CITY","C","C","D1","There are no treatment plants","DAVCS",68,190,"2018-09-17","y","Bin A",1.83250891270624
"398",397,"CA1010004","DISTRICT 23 - FRESNO",1010004,"COALINGA-CITY","C","C","D3","T4","C1",3561,16791,"2018-04-27","y","Bin C",3.55157197367425
"399",398,"CA1010018","DISTRICT 23 - FRESNO",1010018,"KERMAN, CITY OF","C","C","D3","TD","DAVCL",3478,14349,"2016-12-02","y","Bin C",3.54132957766669
"400",399,"CA1010019","DISTRICT 23 - FRESNO",1010019,"KINGSBURG, CITY OF","C","C","D3","There are no treatment plants","C1",3704,11504,"2018-01-10","y","Bin C",3.5686709780099
"401",400,"CA1010021","DISTRICT 23 - FRESNO",1010021,"MENDOTA, CITY OF","C","C","D3","T2","C1",1911,11104,"2017-06-29","y","Bin B",3.28126068705501
"402",401,"CA1010027","DISTRICT 23 - FRESNO",1010027,"REEDLEY, CITY OF","C","C","D3","T2","C1",6342,24194,"2017-01-25","y","Bin C",3.80222623769107
"403",402,"CA1010029","DISTRICT 23 - FRESNO",1010029,"CITY OF SANGER","C","C","D3","T3","C1",6210,25664,"2020-08-13","y","Bin C",3.79309160017658
"404",403,"CA5403113","DISTRICT 24 - TULARE",5403113,"SOUTH FORK ESTATES MUTUAL WATER CO","C","C","D1","There are no treatment plants","SC",33,92,"2018-09-20","y","Bin A",1.51851393987789
"405",404,"CA5400604","DISTRICT 24 - TULARE",5400604,"MOUNTAIN VIEW DUPLEXES","C","C","D1","There are no treatment plants","SC",14,103,"2018-06-28","y","Bin A",1.14612803567824
"406",405,"CA5400647","DISTRICT 24 - TULARE",5400647,"YOKOHL MUTUAL WATER CO","C","C","D1","There are no treatment plants","SC",32,95,"2020-01-24","y","Bin A",1.50514997831991
"407",406,"CA5403212","DISTRICT 24 - TULARE",5403212,"MONSON WATER SYSTEM","C","C","D1","TD","DAVCS",32,140,"2019-01-17","y","Bin A",1.50514997831991
"408",407,"CA5410001","DISTRICT 24 - TULARE",5410001,"CUTLER PUD","C","C","D2","TD","DAVCL",1218,6200,"2019-08-01","y","Bin B",3.08564728829686
"409",408,"CA5410002","DISTRICT 24 - TULARE",5410002,"DINUBA, CITY OF","C","C","D3","T2","DAVCL",6036,26305,"2017-12-29","y","Bin C",3.78074923110355
"410",409,"CA5410006","DISTRICT 24 - TULARE",5410006,"LINDSAY, CITY OF","C","C","D3","T3","DAVCL",3040,14415,"2019-12-20","y","Bin B",3.48287358360875
"411",410,"CA5410008","DISTRICT 24 - TULARE",5410008,"OROSI PUBLIC UTILITY DISTRICT","C","C","D2","TD","DAVCL",1578,8770,"2018-11-15","y","Bin B",3.1981069988734
"412",411,"CA5410021","DISTRICT 24 - TULARE",5410021,"EARLIMART PUD","C","C","D2","TD","DAVCL",1545,8800,"2020-08-03","y","Bin B",3.18892848376085
"413",412,"CA4410014","DISTRICT 05 - MONTEREY",4410014,"SAN LORENZO VALLEY WATER DIST","C","C","D4","T3","C1",5868,21145,"2018-07-11","y","Bin C",3.76849010517124
"414",413,"CA4410002","DISTRICT 05 - MONTEREY",4410002,"SLVWD - FELTON WATER SYSTEM","C","C","D3","T3","C1",1355,4340,"2020-07-08","y","Bin B",3.13193929521042
"415",414,"CA5010006","DISTRICT 10 - STOCKTON",5010006,"CITY OF WATERFORD","C","C","D2","T2","C1",2112,8788,"2019-03-05","y","Bin B",3.32469391386177
"416",415,"CA5010026","DISTRICT 10 - STOCKTON",5010026,"WATERFORD - HICKMAN","C","C","D1","T2","SC",181,597,"2019-03-05","y","Bin A",2.25767857486918
"417",416,"CA5010042","DISTRICT 10 - STOCKTON",5010042,"WATERFORD-RIVER POINTE","C","C","D1","T1","SC",317,1046,"2019-03-05","y","Bin A",2.50105926221775
"418",417,"CA0510016","DISTRICT 10 - STOCKTON",510016,"CCWD - EBBETTS PASS","C","C","D4","T3","C1",6013,12484,"2018-10-24","y","Bin C",3.7790912038455
"419",418,"CA0510005","DISTRICT 10 - STOCKTON",510005,"CCWD - WEST POINT","C","C","D2","T3","SC",574,988,"2019-04-11","y","Bin A",2.75891189239797
"420",419,"CA0510019","DISTRICT 10 - STOCKTON",510019,"CCWD - WALLACE","C","C","D1","T2","SC",106,340,"2018-04-24","y","Bin A",2.02530586526477
"421",420,"CA3610009","DISTRICT 13 - SAN BERNARDINO",3610009,"BIGHORN - DESERT VIEW WATER AGENCY","C","C","D2","TD","DAVCL",1631,3086,"2020-01-16","y","Bin B",3.21245396104028
"422",421,"CA3610060","DISTRICT 13 - SAN BERNARDINO",3610060,"BDVWA - GOAT MOUNTAIN ID","C","C","D2","TD","DAVCS",512,923,"2020-01-14","y","Bin A",2.70926996097583
"423",422,"CA3710018","DISTRICT 14 - SAN DIEGO",3710018,"RINCON DEL DIABLO MWD (ID-1)","C","C","D4","There are no treatment plants","C1",6971,27255,"2017-04-04","y","Bin D",3.84329508273651
"424",423,"CA3710044","DISTRICT 14 - SAN DIEGO",3710044,"RINCON DEL DIABLO MWD (ID-A)","C","C","D4","There are no treatment plants","C1",1059,2700,"2017-04-04","y","Bin B",3.02489596010748
"425",424,"CA1910250","DISTRICT 15 - METROPOLITAN",1910250,"SANTA CLARITA VALLEY W.A.-PINETREE DIV.","C","C","D2","TD","C1",2756,9095,"2018-12-04","y","Bin B",3.44027921323559
"426",425,"CA1910096","DISTRICT 15 - METROPOLITAN",1910096,"SANTA CLARITA VALLEY W.A.-NEWHALL DIV.","C","C","D4","T2","C1",3780,12474,"2018-12-04","y","Bin C",3.57749179983723
"427",426,"CA1910247","DISTRICT 15 - METROPOLITAN",1910247,"SANTA CLARITA VALLEY W.A.-CASTAIC DIV.","C","C","D2","T2","C1",1909,6300,"2018-12-04","y","Bin B",3.28080592839367
"428",427,"CA1910255","DISTRICT 15 - METROPOLITAN",1910255,"SANTA CLARITA VALLEY W.A.-TESORO DIV.","C","C","D2","T1","C1",1157,3818,"2018-12-04","y","Bin B",3.06333335895175
"429",428,"CA1910011","DISTRICT 15 - METROPOLITAN",1910011,"GSWC - BELL, BELL GARDENS","C","C","D4","T2","C1",7332,58039,"2018-11-15","y","Bin D",3.86522245629018
"430",429,"CA1910030","DISTRICT 15 - METROPOLITAN",1910030,"GSWC - CULVER CITY","C","C","D4","T1","C1",9268,36271,"2019-07-30","y","Bin D",3.96698602511794
"431",430,"CA1910077","DISTRICT 15 - METROPOLITAN",1910077,"GSWC - FLORENCE/GRAHAM","C","C","D3","T2","C1",9682,66203,"2017-10-17","y","Bin D",3.98596507830487
"432",431,"CA1910195","DISTRICT 15 - METROPOLITAN",1910195,"GSWC - HOLLYDALE","C","C","D2","T2","C1",1667,7706,"2020-06-23","y","Bin B",3.22193559982801
"433",432,"CA1910098","DISTRICT 15 - METROPOLITAN",1910098,"GSWC - NORWALK","C","C","D4","T2","C1",9341,43874,"2018-09-25","y","Bin D",3.9703933720796
"434",433,"CA1910072","DISTRICT 15 - METROPOLITAN",1910072,"GSWC - WILLOWBROOK","C","C","D2","T1","C1",1441,11037,"2019-06-13","y","Bin B",3.15866398081399
"435",434,"CA1710002","DISTRICT 03 - MENDOCINO",1710002,"GOLDEN STATE WATER CO.-CLEARLAKE SYSTEM","C","C","D2","T3","DAVCL",2104,4104,"2020-01-08","y","Bin B",3.3230457354817
"436",435,"CA3010047","DISTRICT 08 - SANTA ANA",3010047,"GOLDEN STATE WC - COWAN HEIGHTS","C","C","D3","TD","C1",2520,7224,"2018-04-17","y","Bin B",3.40140054078154
"437",436,"CA1910212","DISTRICT 07 - HOLLYWOOD",1910212,"GSWC-SOUTH ARCADIA","C","C","D3","T2","C1",7451,26970,"2018-10-12","y","Bin D",3.87221456339759
"438",437,"CA1910223","DISTRICT 07 - HOLLYWOOD",1910223,"GSWC-SOUTH SAN GABRIEL","C","C","D4","T2","C1",4927,27843,"2017-12-21","y","Bin C",3.69258256227491
"439",438,"CA3610047","DISTRICT 13 - SAN BERNARDINO",3610047,"GOLDEN STATE WATER CO - WRIGHTWOOD","C","C","D3","T1","C1",2761,4424,"2018-02-22","y","Bin B",3.44106640663926
"440",439,"CA3610043","DISTRICT 13 - SAN BERNARDINO",3610043,"GOLDEN STATE WATER CO - BARSTOW","C","C","D4","T2","C1",8926,31641,"2016-11-08","y","Bin D",3.95065688250451
